Source,Target,Weights
a,stop,1222
ć,stop,953
start,p,888
y,stop,871
start,s,612
start,k,585
n,i,568
start,w,536
i,e,512
k,stop,504
k,a,492
r,z,460
c,z,459
o,w,421
n,y,391
start,b,385
w,y,382
s,z,375
r,o,374
p,o,352
ać,stop,349
start,d,345
start,z,345
n,a,340
z,y,332
a,ć,332
k,o,327
start,m,324
start,o,324
z,a,317
s,t,315
e,r,312
z,e,304
r,a,303
k,i,301
start,r,299
start,c,298
w,a,296
t,a,295
p,r,293
ny,stop,291
a,r,290
start,n,288
start,g,281
start,a,276
a,n,274
start,t,264
n,stop,263
o,r,263
e,n,254
c,h,253
i,stop,253
o,n,253
i,a,250
w,i,245
t,o,244
t,stop,240
o,d,231
s,k,230
l,e,227
t,r,227
j,a,225
niejszy,stop,224
a,k,223
start,l,220
start,naj,217
l,i,215
m,a,214
start,f,211
a,l,211
e,k,208
m,i,203
t,e,202
t,y,197
start,j,191
i,c,191
n,o,190
o,m,189
d,z,188
a,d,186
a,t,186
o,l,183
r,stop,179
o,t,172
e,t,172
ł,a,168
z,stop,167
owy,stop,165
d,o,164
a,s,162
c,i,161
e,l,160
p,i,159
start,ś,157
r,y,154
o,s,153
p,a,153
a,w,151
i,k,148
start,e,147
i,ć,147
e,c,146
a,c,145
k,r,145
l,o,143
i,n,143
y,k,141
n,t,140
l,a,140
o,g,137
b,a,137
e,d,135
b,i,134
start,h,133
o,k,133
s,p,132
e,stop,132
i,ę,131
u,s,131
r,u,130
szy,stop,130
z,i,128
s,i,128
o,b,128
d,e,128
c,a,127
d,a,127
z,n,126
e,s,126
w,o,126
o,p,125
r,ó,122
ó,w,122
b,o,121
s,stop,119
start,u,118
i,s,117
o,stop,117
g,o,116
r,e,115
g,r,115
y,m,114
y,w,113
u,r,113
ł,o,113
j,e,113
g,a,112
a,m,111
b,r,111
y,s,110
w,n,110
k,t,110
u,t,109
ł,y,108
a,ł,107
l,stop,106
o,z,106
b,u,105
e,z,102
h,o,102
s,y,101
m,stop,101
m,o,100
a,j,98
z,o,97
p,e,97
ka,stop,96
f,i,96
i,o,95
f,o,95
ić,stop,93
d,stop,92
start,po,91
s,a,91
e,ć,91
k,s,91
z,k,89
y,n,89
m,e,89
a,b,88
u,l,88
ować,stop,88
y,ć,87
c,y,86
d,n,86
ń,stop,86
e,j,85
e,m,85
ś,ć,85
c,j,84
y,c,84
n,e,82
o,ł,82
w,ać,82
l,u,81
s,e,81
a,p,81
c,e,80
w,s,78
i,z,77
start,ł,76
start,i,76
a,g,76
u,c,76
o,c,75
u,k,75
u,n,75
k,l,75
y,t,74
j,stop,74
a,z,73
f,a,73
d,y,72
u,m,72
t,u,71
k,u,71
d,r,70
u,d,70
n,k,69
ę,stop,69
o,ś,68
p,ó,67
j,o,67
i,w,66
o,j,66
wać,stop,66
t,n,65
r,s,64
ł,u,64
t,k,63
ó,j,63
r,n,62
l,n,61
a,ż,61
 ,s,61
ż,y,60
p,ł,60
c,stop,59
iczny,stop,59
e,ń,59
ż,e,59
start,ż,58
c,o,58
z,u,58
y,b,58
i,l,58
e,p,58
i,m,57
i,t,57
m,n,57
s,ł,56
w,k,56
ł,stop,56
z,c,55
y,d,55
y,j,55
ą,ć,55
r,i,54
b,l,54
c,k,53
e,g,53
g,i,53
ó,ł,53
b,e,53
start,wy,51
d,w,51
z,w,50
ó,d,50
ta,stop,50
ą,d,49
m,r,48
t,w,48
u,b,48
w,stop,48
h,i,48
ś,n,48
ę,t,48
ński,stop,48
n,d,47
ń,s,47
m,b,46
m,u,46
h,a,46
sz,y,46
a,ś,45
d,ż,44
ę,k,44
start,ba,43
o,f,43
ż,a,43
g,stop,43
j,n,43
s,o,42
n,ie,41
n,u,41
m,p,41
a,u,41
d,u,41
i,r,40
r,d,40
r,c,40
e,b,40
g,n,40
p,l,40
ś,w,40
ski,stop,40
z,ać,39
n,ą,39
i,b,39
i,u,39
e,w,39
w,e,39
j,ny,39
start,za,38
s,ta,38
s,m,38
a,f,38
k,w,38
na,stop,38
r,t,37
o,ż,37
t,ę,37
d,i,37
h,stop,37
an,i,37
z,j,36
r,m,36
naj,p,36
ę,p,36
g,u,35
ki,stop,35
p,t,35
p,u,35
nik,stop,35
z,b,34
y,r,34
m,y,34
g,ó,34
k,ł,34
j,s,34
ą,c,34
l,k,33
l,niejszy,33
h,e,33
ni,e,33
start,mi,32
z,d,32
z,ę,32
o,wać,32
d,k,32
ś,m,32
an,stop,32
start,prze,31
z,ny,31
z,p,31
y,p,31
r,g,31
e,o,31
d,p,31
u,ł,31
p,s,31
z,s,30
r,w,30
t,ny,30
d,m,30
ż,n,30
k,e,30
ł,e,30
z,ł,29
o,i,29
a, ,29
w,ę,29
g,e,29
j,szy,29
naj,w,29
start,od,28
l,ny,28
o,ń,28
e,ł,28
e,a,28
w,ie,28
ś,r,28
start,ka,27
z,m,27
z,ą,27
i,j,27
s,u,27
r,k,27
r,ż,27
a,ny,27
w,ó,27
w,u,27
w,niejszy,27
p,stop,27
b,stop,27
yć,stop,27
naj,s,27
start,ar,26
start,sz,26
y,l,26
i,g,26
w,z,26
ć, ,26
wa,stop,26
h,u,26
ó,ż,26
s,c,25
s,f,25
w,r,25
k, ,25
ni,k,25
rz,y,25
ś,c,25
ę,c,25
start,ko,24
start,ma,24
z,ić,24
i,p,24
s,n,24
m,ł,24
e,ś,24
d,ł,24
u,g,24
w,ł,24
ó,l,24
f,e,24
ra,c,24
da,stop,24
acja,stop,24
y,ż,23
l,t,23
s,j,23
ni,c,23
ś,l,23
iejszy,stop,23
dzić,stop,23
czny,stop,22
i,d,22
w,szy,22
k,c,22
ra,n,22
ański,stop,22
i,ać,21
r,b,21
o,wa,21
t,niejszy,21
a,ński,21
k,owy,21
b,n,21
eć,stop,21
ra,stop,21
start,do,20
start,ra,20
z,ó,20
z,niejszy,20
u,ż,20
w,c,20
p,ra,20
p,y,20
ni,a,20
b,ie,20
on,stop,20
naj,c,20
po,d,20
ta,t,20
ek,stop,20
ą,t,20
start,pa,19
start,M,19
z,g,19
y,g,19
i,ó,19
s,ki,19
r,p,19
e,ni,19
t,ra,19
a,ń,19
d,s,19
d,ź,19
u,j,19
u,ś,19
w,d,19
ż,u,19
wa,ć,19
g,ł,19
h,ać,19
ł,p,19
ó,ź,19
j,ę,19
b,y,19
ę,z,19
start,prz,18
start,ta,18
start,S,18
n,s,18
i,ą,18
s,owy,18
s,ą,18
m,ać,18
r,ać,18
a,ni,18
d,ać,18
d,szy,18
w,ka,18
w,ny,18
ż,s,18
ż,stop,18
h,n,18
p,od,18
ł,ą,18
ł,t,18
j,k,18
j,niejszy,18
ar,z,18
ę,ż,18
n,g,17
l,s,17
m,ó,17
r,an,17
o,h,17
e,u,17
a,ź,17
ż,d,17
k,ar,17
k,ać,17
p,c,17
ł,ó,17
ó,z,17
f,r,17
f,u,17
ę,d,17
 ,p,17
 ,m,17
ź,niejszy,17
start,pod,16
start,cz,16
start,pi,16
start,ja,16
start,na,16
c,owy,16
z,owy,16
n,ić,16
cz,n,16
m,ą,16
r,ka,16
e,mi,16
e,ż,16
t,ować,16
t,ó,16
t,l,16
d,niejszy,16
ń,ski,16
u,ń,16
ż,szy,16
ż,ó,16
g,iczny,16
p,ro,16
ec,stop,16
ł,ż,16
b,ać,16
czeć,stop,16
ejszy,stop,16
S,ł,16
l,g,15
l,ę,15
cz,y,15
cz,e,15
s,ar,15
s,ny,15
m,ie,15
o,a,15
o,ta,15
t,ł,15
t,szy,15
u,p,15
u,z,15
g,l,15
h,r,15
ł,k,15
b,s,15
ar,a,15
rzyć,stop,15
el,stop,15
ja,stop,15
ź,w,15
zić,stop,15
start,ro,14
start,nie,14
start,ob,14
start,ga,14
y,z,14
l,f,14
l,owy,14
r,ny,14
t,ać,14
a,o,14
er,stop,14
u,a,14
ż,o,14
g,ać,14
h,s,14
p,ie,14
p,rz,14
p,rze,14
ó,r,14
ar,s,14
mi,e,14
ie,j,14
ś,niejszy,14
naj,ś,14
naj,r,14
ra,w,14
ak,stop,14
start,ch,13
start,najp,13
y,ś,13
n,iejszy,13
n,ny,13
l,an,13
m,iczny,13
ro,z,13
d,zić,13
d,b,13
ż,niejszy,13
g,ra,13
ł,c,13
za,p,13
j,c,13
rz,e,13
ar,stop,13
ar,o,13
ś,p,13
ś,ny,13
naj,b,13
ć się,stop,13
po,w,13
an,a,13
start,no,12
c,zy,12
c,ać,12
z,yć,12
z,ka,12
z,l,12
y,wać,12
y,ka,12
y,ł,12
n,c,12
m,ny,12
r,ski,12
o,o,12
ro,w,12
yczny,stop,12
a,sz,12
ad,z,12
g,an,12
ka,ć,12
owa,ć,12
ar,k,12
sz,stop,12
ie,r,12
nica,stop,12
ba,stop,12
adać,stop,12
nąć,stop,12
start,pr,11
z,on,11
z,ować,11
n,iczny,11
l,ić,11
l,ejszy,11
ro,m,11
e,wać,11
e,ta,11
a,ra,11
d,ny,11
st,r,11
w,ro,11
w,ni,11
k,szy,11
k,os,11
ł,s,11
ówka,stop,11
mi,ę,11
sz,a,11
ie,t,11
ie,stop,11
rski,stop,11
nie,stop,11
tować,stop,11
ologiczny,stop,11
ód,stop,11
M,a,11
zenie,stop,11
start,li,10
start,st,10
start,te,10
start,D,10
start,ki,10
start,ok,10
start,A,10
start,F,10
c,ja,10
c,n,10
y,sz,10
n,ać,10
n,ta,10
l,c,10
i,cz,10
i,er,10
i,ec,10
i,czny,10
s,ka,10
s,ó,10
m,owy,10
m,h,10
r,aw,10
r,ą,10
r,ę,10
o,dzić,10
o,ra,10
e,i,10
t,rz,10
t,ar,10
t,er,10
a,wa,10
d,d,10
st,a,10
u,ć,10
u,e,10
ż,ać,10
ż,ą,10
h,l,10
h,y,10
p,n,10
ka,r,10
ł,ka,10
ł,d,10
ko,stop,10
iec,stop,10
wy,b,10
ły,stop,10
j,m,10
b,rz,10
b,ó,10
b,niejszy,10
b,ę,10
ar,t,10
mi,a,10
mi,s,10
ś,mi,10
f, ,10
f,iczny,10
at,r,10
ę,b,10
 ,k,10
os,z,10
po,l,10
cja,stop,10
prz,y,10
ch,o,10
no,w,10
ź,l,10
ź,stop,10
arz,stop,10
ą,ż,10
ać się,stop,10
any,stop,10
A,f,10
start,cie,9
start,pot,9
start,roz,9
c,ić,9
z,owa,9
z,ie,9
z,ni,9
z,ar,9
z,r,9
lic,z,9
y,na,9
y, ,9
n,owy,9
l,ać,9
l,ą,9
cz,a,9
s,r,9
s,ić,9
m,niejszy,9
r,on,9
r,niejszy,9
o,pa,9
o,ny,9
o,ź,9
e,nie,9
e,h,9
a,da,9
d,ni,9
u,sz,9
u,h,9
w,ar,9
ż,sz,9
gać,stop,9
h,ł,9
k,an,9
od,d,9
p,er,9
p,ić,9
p,ę,9
ó,t,9
ko,n,9
ow,y,9
j,sz,9
j,u,9
dzi,e,9
b,ar,9
b,t,9
b,d,9
rz,ę,9
ar,b,9
mi,t,9
mi,o,9
sz,c,9
rzy,ć,9
ie,m,9
ie,c,9
ś,ni,9
naj,ł,9
sk,i,9
 ,w,9
 ,b,9
pi,s,9
os,stop,9
po,t,9
po,r,9
aw,i,9
aw,a,9
ba,k,9
an,t,9
ra,z,9
anie,stop,9
wi,e,9
pa,stop,9
ran,stop,9
kt,stop,9
start,wi,8
start,bi,8
start,kr,8
start,al,8
c,ki,8
c,za,8
z,eć,8
z,ec,8
z,t,8
y,st,8
n,ia,8
n,l,8
n,ować,8
n,niejszy,8
n,ó,8
i,an,8
i,f,8
i,ń,8
i,ński,8
m,f,8
r,ń,8
r,ni,8
r,owy,8
r,ok,8
o,ran,8
o,u,8
ro,g,8
e,sz,8
e, ,8
t,an,8
t,ą,8
zny,stop,8
a,na,8
styczny,stop,8
st,ę,8
u,w,8
w,p,8
w,t,8
w,ić,8
ż,ar,8
g,w,8
g,owy,8
k,ra,8
k,b,8
k,ą,8
k,ować,8
k,ó,8
nia,stop,8
ia,stop,8
ł,od,8
ó,ś,8
ol,o,8
ło,d,8
b,c,8
on,t,8
on,o,8
on,i,8
sz,u,8
zyć,stop,8
niak,stop,8
ie,ń,8
ie,d,8
ś,wi,8
at,o,8
naj,a,8
naj,h,8
naj,t,8
naj,m,8
ę,s,8
ę,ć,8
 ,f,8
os,k,8
po,g,8
ba,r,8
an,y,8
ra,f,8
ra,ć,8
ta,n,8
ta,k,8
ał,a,8
zowy,stop,8
prze,d,8
rze,c,8
ok,stop,8
ść,stop,8
no,t,8
rać,stop,8
dz,i,8
la,stop,8
ista,stop,8
D,u,8
miczny,stop,8
nić,stop,8
F,e,8
start,lic,7
start,bo,7
start,to,7
start,sta,7
start,kar,7
start,gr,7
start,bu,7
start,dr,7
start,le,7
start,kl,7
z,ro,7
n,n,7
l,m,7
l,d,7
i,ż,7
i,ł,7
s,pa,7
m,ować,7
r,os,7
r,szy,7
r,acja,7
o,ko,7
o,ński,7
o, ,7
o,li,7
o,ka,7
ro,stop,7
e,ba,7
e,ra,7
e,cz,7
e,f,7
e,ński,7
t,wa,7
t,at,7
t,owy,7
a,mi,7
a,st,7
d,ka,7
d,ra,7
ń,c,7
ci,e,7
er,s,7
u,na,7
w,iejszy,7
ż,yć,7
ż,w,7
g,ar,7
ga,stop,7
k,rz,7
us,z,7
od,p,7
od,w,7
p,ny,7
p,rzy,7
p,ar,7
p,an,7
ka,z,7
ko,r,7
ko,m,7
wy,stop,7
ow,a,7
yn,a,7
j,l,7
rz,stop,7
rz,a,7
owa,stop,7
ar,c,7
ar,i,7
ma,m,7
ie,s,7
ie,k,7
ie,p,7
f,g,7
naj,k,7
ę,ź,7
ba,n,7
ra,d,7
ta,w,7
wi,ę,7
awa,stop,7
eń,stop,7
prz,e,7
prze,c,7
ą,b,7
cki,stop,7
lniejszy,stop,7
start,ci,6
start,najw,6
start,sk,6
start,młod,6
start,pro,6
start,bar,6
start,przy,6
start,tat,6
start,sza,6
start,str,6
start,da,6
li,t,6
c,zny,6
c,ow,6
c,niejszy,6
z,na,6
z,al,6
y,czny,6
y,rz,6
y,ro,6
y,cz,6
y,wa,6
n,ka,6
n,ar,6
i,ka,6
i,at,6
i,owy,6
i,da,6
m,ar,6
m,ni,6
r,yczny,6
r,ś,6
r,ze,6
r,ód,6
r,ować,6
o,sz,6
o,rski,6
o,no,6
o,ni,6
o,st,6
ro,t,6
e,rz,6
t,rzy,6
a,rz,6
a,ta,6
a,ba,6
a,to,6
d,c,6
d,owy,6
er,z,6
er,n,6
u,ta,6
w,an,6
ż,ny,6
wa,ż,6
g,z,6
g,ro,6
g,ować,6
h,c,6
h,owy,6
h,an,6
k,on,6
k,ro,6
k,n,6
od,n,6
p,ok,6
p,k,6
ka,n,6
ka,m,6
ka,d,6
ł,b,6
ł,os,6
ni,o,6
za,n,6
zy,n,6
zy,c,6
ac,z,6
j,p,6
j,ać,6
j,an,6
j,owy,6
b,yć,6
b,szy,6
b,j,6
sz,k,6
ma,k,6
ie,ć,6
ś,b,6
te,l,6
at,stop,6
naj,g,6
sk,o,6
ę,czeć,6
ę,ka,6
 ,z,6
pi,e,6
po,p,6
po,k,6
po,s,6
na,d,6
ba,l,6
ba,z,6
ra,s,6
to,w,6
wi,a,6
le,n,6
dny,stop,6
nie,d,6
cze,l,6
et,r,6
um,stop,6
łek,stop,6
sta,t,6
ok,a,6
ok,t,6
si,ę,6
ź,ny,6
ą,dzić,6
sowy,stop,6
owanie,stop,6
odzić,stop,6
om,n,6
ższy,stop,6
bać,stop,6
szcz,e,6
uchać,stop,6
oń,stop,6
del,stop,6
start,ry,5
start,lo,5
start,tr,5
start,wys,5
start,ska,5
start,pow,5
start,mie,5
start,ni,5
start,bez,5
start,ły,5
start,praw,5
start,br,5
start,dym,5
start,ło,5
start,szcze,5
start,tra,5
start,an,5
start,mo,5
start,or,5
start,se,5
c,ie,5
z,nik,5
z,ko,5
z,cze,5
z,pa,5
z,acja,5
z,ek,5
y,ra,5
n,ad,5
n,an,5
l,ec,5
l,og,5
l,szy,5
i,ga,5
i,na,5
i,ejszy,5
i,el,5
i,ć się,5
i,eć,5
i,st,5
cz,k,5
s,ad,5
s,kar,5
s,ko,5
s,ch,5
s,l,5
s,ać,5
m,ał,5
r,at,5
r,ta,5
o,cz,5
o,pi,5
o,da,5
o,rz,5
o,rze,5
o,mi,5
o,ci,5
ro,ż,5
ro,p,5
ro,n,5
ro,k,5
t,aw,5
t,rze,5
t,ka,5
t,ek,5
t,nik,5
ry,z,5
a,ły,5
a,li,5
a,wać,5
d,ok,5
d,zi,5
d,aw,5
d,el,5
tyczny,stop,5
ci,o,5
er,y,5
u,rz,5
u,ch,5
u,ra,5
ać, ,5
w,no,5
w,anie,5
w,da,5
w,ał,5
w,ski,5
ż,k,5
ż,ka,5
ż,mi,5
ż,m,5
wa,r,5
wa,n,5
k,wi,5
od,z,5
p,ta,5
p,or,5
ia,d,5
ec,z,5
ł,ek,5
wy,k,5
wy,s,5
wy,ł,5
za,m,5
za,r,5
zy,stop,5
j,b,5
j,d,5
ło,m,5
b,ański,5
b,os,5
or,n,5
lo,g,5
rz,u,5
mi,n,5
mi,l,5
mi,c,5
arka,stop,5
sz,n,5
sz,l,5
zeć,stop,5
ty,k,5
yk,stop,5
rzy,m,5
ma,stop,5
ma,ł,5
ma,c,5
ie,ś,5
ie,n,5
ie,ż,5
do,k,5
ob,a,5
ob,s,5
f,or,5
f,ra,5
at,a,5
naj,d,5
kar,y,5
pi,j,5
os,o,5
os,y,5
na,k,5
ba,s,5
ba,o,5
an,k,5
el,e,5
ra,t,5
to,r,5
ta,ć,5
ed,n,5
nie,o,5
et,stop,5
pa,z,5
pa,d,5
oda,stop,5
da,w,5
da,l,5
sta,stop,5
ok,o,5
tek,stop,5
is,t,5
ź,n,5
ź,b,5
ź,ba,5
ata,stop,5
zać,stop,5
szcze,l,5
alny,stop,5
lny,stop,5
gra,n,5
alniejszy,stop,5
ron,stop,5
kl,e,5
olog,stop,5
M,ar,5
start,dy,4
start,fa,4
start,la,4
start,ku,4
start,sy,4
start,lu,4
start,rzy,4
start,as,4
start,szcz,4
start,rze,4
start,świ,4
start,pamię,4
start,cze,4
li,c,4
li,g,4
c,zyk,4
c,ze,4
c,zn,4
c,ar,4
c,ka,4
z,cz,4
z,yk,4
z,enie,4
z,ówka,4
z,ta,4
z,ód,4
y,styczny,4
y,tr,4
y,mi,4
y,kt,4
y,po,4
n,ow,4
n,os,4
n,da,4
n,uk,4
n,owa,4
l,ko,4
l,cz,4
l,ot,4
l,sz,4
i,sk,4
i,wać,4
i,sta,4
i,us,4
i,os,4
cz,ó,4
cz,ę,4
s,ro,4
s,tyczny,4
s,zyć,4
s,pi,4
s,ie,4
s,la,4
s,łu,4
s,tat,4
s,arz,4
s,ra,4
m,ak,4
m,łod,4
m,acja,4
m,at,4
m,is,4
m,et,4
r,zyć,4
r,zyk,4
r,yn,4
r,ma,4
r,cz,4
r,mi,4
o,łod,4
o,ść,4
o,ch,4
o,dr,4
o,po,4
o,ro,4
o,ić,4
ro,d,4
ro,s,4
ro,l,4
e,ma,4
e,ty,4
e,ko,4
e,ka,4
e,ski,4
e,ro,4
t,ko,4
t,ro,4
t,ron,4
t,ab,4
t,acja,4
ry,c,4
a,styczny,4
a,ć się,4
a,lny,4
a,ma,4
a,ro,4
a,cja,4
a,i,4
a,ła,4
d,l,4
d,ro,4
d,na,4
d,nik,4
d,er,4
d,zenie,4
d,ek,4
st,yczny,4
st,e,4
ń,sz,4
ń,szy,4
ń,sk,4
er,o,4
er,a,4
u,nk,4
u,dzić,4
u,czeć,4
w,ra,4
w,rze,4
w,ód,4
ż,ować,4
ż,ak,4
g,rz,4
g,iczn,4
g,ow,4
ga,j,4
ga,n,4
h,w,4
k,ie,4
us,stop,4
sy,m,4
od,s,4
od,e,4
od,o,4
p,ły,4
p,rzec,4
p,owy,4
p,ło,4
p,om,4
p,szcz,4
p,ować,4
p,ański,4
p,ka,4
ia,n,4
ka,l,4
ka,s,4
ka,p,4
ec,h,4
ł,pa,4
ł,ać,4
ko,ł,4
ko,ś,4
ko,d,4
ko,s,4
ni,owy,4
ni,ć,4
en,i,4
wy,d,4
wy,w,4
ow,i,4
ow,n,4
ły,w,4
za,c,4
za,ć,4
za,s,4
yn,stop,4
ac,j,4
j,ać się,4
j,ś,4
j,r,4
j,ed,4
łod,z,4
ło,n,4
b,ny,4
b,ok,4
or,stop,4
or,c,4
or,y,4
on,a,4
tr,a,4
rz,n,4
ar,u,4
ar,ż,4
sz,o,4
sz,p,4
sz,t,4
ty,c,4
rzy,g,4
ma,t,4
ie,l,4
iem,i,4
ś,ba,4
do,p,4
do,s,4
ob,i,4
f,ać,4
at,k,4
am,i,4
am,b,4
kar,ż,4
ska,r,4
erski,stop,4
 ,za,4
os,i,4
os,t,4
aw,d,4
na,c,4
na,r,4
na,j,4
ba,ż,4
ba,ć,4
ba,b,4
an,o,4
zyk,stop,4
mie,s,4
mie,r,4
ewać,stop,4
ra,o,4
ra,ś,4
ra,ż,4
pod,z,4
ta,b,4
ta,ż,4
ta,c,4
ta,j,4
ot,y,4
ot,k,4
le,p,4
ur,z,4
ur,t,4
ić, ,4
et,a,4
jny,stop,4
pa,c,4
pa,k,4
pa,n,4
pa,m,4
sta,w,4
sta,d,4
ja,g,4
prze,i,4
rze,m,4
ła,c,4
ok,ł,4
ok,e,4
ok,r,4
ch,w,4
ch,e,4
ment,stop,4
najp,o,4
najp,r,4
ica,stop,4
rzec,z,4
kr,ó,4
pr,a,4
dz,e,4
ą,dz,4
adzać,stop,4
ku,n,4
chodzić,stop,4
gra,f,4
al,f,4
ab,e,4
bu,r,4
czniejszy,stop,4
szcz,u,4
szcz,ó,4
tat,a,4
nować,stop,4
ownik,stop,4
izować,stop,4
trz,e,4
wszy,stop,4
mać,stop,4
ik,stop,4
czka,stop,4
tniejszy,stop,4
wniejszy,stop,4
enie,stop,4
anin,stop,4
start,mar,3
start,am,3
start,uk,3
start,ró,3
start,top,3
start,si,3
start,wyr,3
start,jed,3
start,go,3
start,ty,3
start,dzi,3
start,ho,3
start,pol,3
start,mło,3
start,zw,3
start,akt,3
start,fo,3
start,per,3
start,ab,3
start,łu,3
start,re,3
start,now,3
start,pe,3
start,hi,3
start,stat,3
start,ak,3
start,int,3
start,emi,3
li,m,3
c,ni,3
z,yn,3
z,es,3
z,eń,3
z,ki,3
z,da,3
z,ia,3
z,nąć,3
z,ły,3
z,an,3
z,yw,3
z,sz,3
z,am,3
z,ło,3
z,la,3
lic,o,3
y,ć się,3
y,czeć,3
y,sta,3
y,jny,3
y,kar,3
n,cja,3
n,ko,3
n,aw,3
n,ąć,3
n,er,3
n,in,3
n,as,3
n,to,3
l,ka,3
l,czeć,3
l,is,3
l,on,3
l,nia,3
l,os,3
l,eć,3
l,no,3
l,ować,3
i,te,3
i,ed,3
i,esz,3
i,adać,3
i,ja,3
i,ca,3
i,emi,3
i,ma,3
i,mi,3
i,um,3
i,ać się,3
i,anin,3
cz,ą,3
cz,u,3
s,ię,3
s,zy,3
s,pó,3
s,ał,3
s,iejszy,3
s,ku,3
s,ok,3
s,yn,3
s,ło,3
s,łod,3
s,ja,3
s,no,3
s,mi,3
m,nia,3
m,pe,3
m,na,3
m,ło,3
m,ier,3
m,ro,3
m,ański,3
m,an,3
m,ba,3
r,yc,3
r,ga,3
r,ówn,3
r,tować,3
r,ani,3
r,et,3
r,ur,3
r,ch,3
r,na,3
r,od,3
r,ed,3
r,adać,3
r,zenie,3
o,od,3
o,lic,3
o,wy,3
o,ba,3
o,ła,3
o,mo,3
o,rzec,3
o,rzy,3
o,dz,3
o,sta,3
o,ska,3
o,to,3
o,gra,3
o,nowa,3
o,miczny,3
o,lo,3
o,wn,3
o,szcze,3
o,do,3
o,ga,3
o,ry,3
ro,ś,3
e,at,3
e,rski,3
e,le,3
e,rzyć,3
e,zowy,3
e,ron,3
e,st,3
e,gra,3
e,ga,3
e,bać,3
e,szcz,3
e,czy,3
e,po,3
e,da,3
e,ologiczny,3
e,on,3
e,miczny,3
e,dzić,3
t,yk,3
t,awa,3
t,ow,3
t,ak,3
t,owa,3
t,og,3
t,ański,3
t,or,3
t,ówka,3
t,nica,3
t,ologiczny,3
t,le,3
ter,y,3
ry,n,3
a,czy,3
a,rzyć,3
a,cz,3
a,gać,3
a,gra,3
a,ch,3
a,dz,3
a,ty,3
a,sa,3
a,ić,3
a,lic,3
d,za,3
d,zać,3
d,uk,3
st,k,3
st,n,3
ad,a,3
ad,u,3
cie,r,3
er,g,3
ier,z,3
u,ko,3
u,cz,3
u,ło,3
u,ński,3
u,sta,3
u,ran,3
u,ższy,3
w,arka,3
w,iec,3
w,odzić,3
w,ię,3
w,ować,3
w,nica,3
w,at,3
w,nik,3
w,ać się,3
ż,an,3
ż,wa,3
ż,nik,3
ż,ni,3
ż,el,3
wa,t,3
żać,stop,3
g,adać,3
g,on,3
g,ur,3
ga,ć,3
ga,p,3
ga,r,3
h,odzić,3
h,ol,3
ki,l,3
k,ad,3
k,ologiczny,3
k,si,3
k,ło,3
k,le,3
k,er,3
k,or,3
k,cja,3
k,om,3
k,rzy,3
k,nąć,3
sy,j,3
od,l,3
od,b,3
od,y,3
od,u,3
od,ł,3
p,ow,3
p,et,3
p,ać,3
p,ot,3
p,raw,3
p,us,3
p,adać,3
p,os,3
p,am,3
p,rzyć,3
nia,k,3
ka,c,3
ka,ł,3
ec,i,3
lec,stop,3
ł,cz,3
ł,sz,3
ł,om,3
ł,ba,3
ł,ac,3
ó,le,3
wka,stop,3
ko,l,3
ko,z,3
ko,c,3
ko,k,3
iczn,i,3
ni,s,3
en,t,3
wy,m,3
wy,ż,3
wy,j,3
wy,ś,3
ły,ż,3
czy,t,3
za,b,3
za,j,3
zy,k,3
acz,y,3
j,ka,3
j,nik,3
j,on,3
j,g,3
łod,k,3
ło,w,3
ło,s,3
ło,t,3
b,an,3
b,rać,3
b,ra,3
b,ur,3
b,ak,3
b,ul,3
b,ro,3
ró,d,3
or,an,3
or,g,3
or,t,3
tr,z,3
tr,y,3
tr,on,3
ar,n,3
ar,w,3
ar,y,3
mi,ć,3
mi,j,3
mi,r,3
sz,e,3
dy,s,3
ze,ć,3
tyk,stop,3
rzy,s,3
rzy,p,3
rzy,c,3
ma,r,3
ma,ć,3
ie,szy,3
ie,w,3
ie,sz,3
em,i,3
ś,li,3
ś,mie,3
ś,pi,3
ś,niak,3
ś,nić,3
do,m,3
f,aj,3
f,ak,3
f,ran,3
f,er,3
f,ry,3
te,r,3
it,e,3
fi,z,3
szy,ć,3
szy,s,3
szy,w,3
sk,a,3
sk,l,3
kar,k,3
ę,cz,3
ę,zy,3
 ,si,3
pi,z,3
pi,a,3
wó,z,3
wó,j,3
pow,i,3
po,ł,3
po,m,3
aw,n,3
na,t,3
ba,w,3
an,d,3
an,c,3
zyk, ,3
ra,p,3
to,g,3
to,stop,3
to,l,3
pod,a,3
pod,w,3
ani,e,3
ani,c,3
ak,t,3
eta,stop,3
ta,r,3
ta,d,3
ta,f,3
per,o,3
ato,r,3
ał,stop,3
ał,k,3
ał,p,3
wi,n,3
wi,k,3
ot,a,3
ot,stop,3
le,t,3
le,w,3
le,j,3
ur,g,3
as,z,3
as,y,3
as,t,3
bi,b,3
ed,y,3
uk,o,3
uk,t,3
uk,l,3
wn,i,3
ywać,stop,3
op,i,3
yw,a,3
ark,a,3
ój,stop,3
ul,a,3
pa,t,3
pa,r,3
pa,l,3
pa,w,3
da,ć,3
da,g,3
pot,r,3
cja,n,3
ja,m,3
ja,s,3
ja,j,3
rze,d,3
rze,ś,3
rze,n,3
ła,stop,3
ok,u,3
si,s,3
wyr,z,3
is,i,3
og,iczny,3
ch,a,3
ch,n,3
ch,ać,3
ch,i,3
mo,t,3
no,stop,3
no,ż,3
ość,stop,3
najp,ł,3
ź,wi,3
rzec,i,3
de,r,3
kr,e,3
kr,z,3
mny,stop,3
pr,z,3
pr,e,3
sza,stop,3
ą,cz,3
ą,dr,3
la,n,3
la,u,3
co,w,3
cowy,stop,3
szcze,r,3
raw,d,3
se,r,3
aj,stop,3
dr,o,3
dr,ż,3
dr,ó,3
pro,k,3
gr,o,3
emi,r,3
zn,y,3
ran,e,3
ran,s,3
al,k,3
al,i,3
al,e,3
dszy,stop,3
ora,n,3
sa, ,3
ron,i,3
stwo,stop,3
un,a,3
zi,e,3
łu,g,3
ud,e,3
roz,p,3
lu,t,3
przy,p,3
ąć,stop,3
tny,stop,3
nowa,ć,3
nowa,stop,3
hi,s,3
uc,h,3
ymać,stop,3
pić,stop,3
str,a,3
niczny,stop,3
start,kal,2
start,ziemn,2
start,stawi,2
start,staw,2
start,raz,2
start,podziwia,2
start,czer,2
start,fałsz,2
start,bie,2
start,op,2
start,ucz,2
start,topaz,2
start,kas,2
start,podat,2
start,pra,2
start,wyrzu,2
start,og,2
start,cytr,2
start,cy,2
start,je,2
start,milcz,2
start,pija,2
start,grzyb,2
start,grz,2
start,nied,2
start,wo,2
start,przec,2
start,śni,2
start,mies,2
start,pta,2
start,przedw,2
start,najb,2
start,szczer,2
start,zab,2
start,gówno,2
start,gówn,2
start,śpie,2
start,wie,2
start,kło,2
start,kł,2
start,nas,2
start,oskarża,2
start,fotog,2
start,jag,2
start,du,2
start,klę,2
start,najsz,2
start,chi,2
start,wybuch,2
start,wyb,2
start,najc,2
start,fak,2
start,ce,2
start,najpo,2
start,mit,2
start,rz,2
start,krz,2
start,ks,2
start,podw,2
start,garb,2
start,kocio,2
start,eko,2
start,najpły,2
start,skro,2
start,at,2
start,sm,2
start,Słowa,2
start,mądr,2
start,wyrz,2
start,nis,2
start,kla,2
start,pl,2
start,pok,2
start,wzro,2
start,fran,2
start,jo,2
start,rozczarowa,2
start,oda,2
start,kos,2
start,kom,2
start,zapom,2
start,pokaz,2
start,stra,2
start,kró,2
start,fosfor,2
start,por,2
start,jog,2
start,oka,2
start,sprz,2
start,najświe,2
start,ter,2
start,świat,2
start,nowa,2
start,mię,2
start,gro,2
start,koszyk,2
start,syn,2
start,pamięt,2
start,ed,2
start,sło,2
start,kap,2
start,ara,2
start,ud,2
start,bro,2
start,równ,2
start,rów,2
start,wó,2
start,kret,2
li,b,2
li,z,2
li,w,2
c,zał,2
c,zyć,2
c,zeć,2
c,zać,2
c,iec,2
c,hi,2
c,ec,2
c,io,2
c,iem,2
c,zenie,2
c,ować,2
c,zowy,2
c,ownik,2
c,ia,2
z,iem,2
z,nica,2
z,er,2
z,wa,2
z,łek,2
z,ja,2
z,emię,2
z,mi,2
z,el,2
z,po,2
z,aro,2
z,ymać,2
z,ał,2
z,as,2
z,en,2
z,ow,2
z,szy,2
z,icz,2
z,at,2
z,ul,2
z,em,2
z,trz,2
z,iec,2
z,wó,2
z,ądz,2
z,waż,2
z,eg,2
lic,a,2
lic,h,2
y,ski,2
y,nk,2
y,ni,2
y,ment,2
y,mny,2
y,gać,2
y,kl,2
y,wniejszy,2
y,sza,2
y,no,2
y,cze,2
y,bo,2
y,del,2
y,gr,2
y,pa,2
y,świ,2
n,iec,2
n,is,2
n,ty,2
n,acz,2
n,owanie,2
n,izować,2
n,iem,2
n,any,2
n,ak,2
n,et,2
n,te,2
n,ista,2
n,del,2
n,iemi,2
n,ser,2
n,ot,2
n,ik,2
n,tować,2
n,anie,2
n,ański,2
l,iczny,2
l,im,2
l,ewać,2
l,ed,2
l,ni,2
l,eni,2
l,eta,2
l,ta,2
l,tat,2
l,izować,2
l,acja,2
l,ut,2
l,oko,2
l,owa,2
l,ar,2
i,ewać,2
i,anie,2
i,sy,2
i,ał,2
i,ar,2
i,wa,2
i,wy,2
i,cie,2
i,et,2
i,kt,2
i,szcze,2
i,no,2
i,mit,2
i,ta,2
i,sz,2
i,per,2
i,sowy,2
i,cki,2
i,cja,2
i,zy,2
i,ański,2
i,op,2
i,or,2
i,łek,2
i,to,2
i,tniejszy,2
i,any,2
cz,niejszy,2
liczny,stop,2
s,ark,2
s,per,2
s,eń,2
s,un,2
s,kl,2
s,tek,2
s,on,2
s,zer,2
s,kr,2
s,er,2
s,ma,2
s,zowy,2
s,trz,2
s,za,2
s,prz,2
s,praw,2
s,zenie,2
s,ica,2
s,miczny,2
m,niak,2
m,per,2
m,iesz,2
m,os,2
m,ię,2
m,ek,2
m,am,2
m,nie,2
m,en,2
m,ąd,2
m,us,2
m,ić,2
m,adz,2
m,ista,2
m,er,2
m,ija,2
m,br,2
m,pi,2
m,pa,2
m,uchać,2
m,alny,2
m,aks,2
m,ot,2
r,gać,2
r,zy,2
r,ato,2
r,ko,2
r,um,2
r,stwo,2
r,awa,2
r,że,2
r,uchać,2
r,ba,2
r,om,2
r,ologiczny,2
r,ol,2
r,dzi,2
r,to,2
r,de,2
r,nik,2
r,niak,2
r,oń,2
r,owanie,2
r,zeć,2
r,ud,2
o,zo,2
o,rówka,2
o,nt,2
o,wó,2
o,so,2
o,kła,2
o,de,2
o,sza,2
o,czny,2
o,bo,2
o,rzyć,2
o,chodzić,2
o,wie,2
o,le,2
o,bi,2
o,bie,2
o,ty,2
o,bra,2
o,nować,2
o,staw,2
o,ron,2
o,nta,2
o,gan,2
o,al,2
o,szcz,2
o,tować,2
o,tan,2
o,łek,2
o,kar,2
o,na,2
o,sk,2
o,la,2
o,szyk,2
o,is,2
o,wni,2
o,kom,2
ro,ń,2
ro,i,2
e,ry,2
e,dny,2
e,nia,2
e,rż,2
e,kol,2
e,ista,2
e,tow,2
e,czniejszy,2
e,rg,2
e,ch,2
e,tyk,2
e,olog,2
e,dzi,2
e,dz,2
e,ze,2
e,rzy,2
e,sowy,2
e,la,2
e,ment,2
e,rać,2
e,ol,2
e,lniejszy,2
e,niczny,2
e,cki,2
e,sy,2
e,an,2
e,dy,2
e,nić,2
e,wo,2
teryczny,stop,2
t,ery,2
t,yczny,2
t,ele,2
t,ur,2
t,orski,2
t,yć,2
t,owanie,2
t,el,2
t,un,2
t,ac,2
t,na,2
t,s,2
t,ara,2
t,alniejszy,2
t,nąć,2
t,ran,2
t,ol,2
t,yn,2
ry,ś,2
ery,c,2
ystyczny,stop,2
a,dys,2
a,żać,2
a,rzy,2
a,ru,2
a,rać,2
a,wy,2
a,on,2
a,lniejszy,2
a,szy,2
a,la,2
a,nia,2
a,rski,2
a,nie,2
a,za,2
a,pić,2
a,ron,2
a,szcz,2
a,tra,2
a,tr,2
a,si,2
a,nik,2
a,mać,2
a,lo,2
a,ob,2
a,nować,2
a,sk,2
a,wniejszy,2
a,zić,2
a,wszy,2
a,czka,2
a,ry,2
a,le,2
d,sta,2
d,st,2
d,zie,2
d,ze,2
d,es,2
d,że,2
d,sz,2
d,ować,2
d,ki,2
d,ec,2
d,chodzić,2
d,pi,2
d,os,2
d,ma,2
d,al,2
d,rze,2
d,yn,2
d,erski,2
dys,t,2
st,ą,2
ad,o,2
ys,t,2
cie,c,2
cie,l,2
cie,m,2
cie,k,2
ń,cz,2
ci,w,2
er,w,2
er,ś,2
er,k,2
er,e,2
er,c,2
u,wa,2
u,lec,2
u,sowy,2
u,alniejszy,2
u,per,2
u,ma,2
u,tować,2
u,ro,2
u,gać,2
u,tr,2
u,staw,2
u,aw,2
u,kt,2
u,del,2
u,lniejszy,2
u,dny,2
w,yma,2
w,dzi,2
w,arz,2
w,ad,2
w,sz,2
w,st,2
w,rac,2
w,ła,2
w,ik,2
w,sk,2
w,iesz,2
w,oń,2
w,ska,2
w,ac,2
ż,ówka,2
ż,eć,2
ż,er,2
wa,ł,2
ażać,stop,2
g,za,2
g,zam,2
g,ał,2
g,ni,2
g,owie,2
g,er,2
g,at,2
g,ato,2
g,oda,2
g,li,2
g,lu,2
g,or,2
g,eta,2
g,olog,2
ga,ł,2
ga,w,2
ga,s,2
h,us,2
h,ad,2
h,sta,2
h,er,2
h,szy,2
h,ować,2
h,owa,2
h,nąć,2
h,or,2
h,ar,2
ki,c,2
ki,b,2
k,ol,2
k,ła,2
k,adzać,2
k,ak,2
k,ur,2
k,łod,2
k,so,2
k,acja,2
k,od,2
k,sz,2
k,ologiczn,2
k,la,2
k,tan,2
k,ta,2
k,sy,2
k,ański,2
k,aw,2
k,to,2
k,tować,2
k,ok,2
k,ty,2
us,y,2
us,t,2
us,k,2
sy,n,2
ycki,stop,2
oodporny,stop,2
od,a,2
od,ny,2
p,ójny,2
p,ój,2
p,oda,2
p,ata,2
p,cz,2
p,rowa,2
p,on,2
p,ara,2
p,odw,2
p,oga,2
p,ol,2
p,si,2
p,le,2
p,oka,2
p,nik,2
p,ry,2
p,ost,2
p,eć,2
nia,ć,2
ka,k,2
ka,t,2
ka, ,2
ł,ata,2
ł,ad,2
ł,ak,2
ł,ec,2
ł,owa,2
ł,us,2
ł,ot,2
ł,am,2
ł,oń,2
ó,wka,2
ó,łe,2
ó,rz,2
ó,rzy,2
ó,rzyć,2
ó,wi,2
ó,dz,2
liczn,i,2
ko,f,2
ko,w,2
ol,a,2
ol,iczny,2
iczn,y,2
że,z,2
że,ć,2
ni,z,2
ni,n,2
eni,e,2
eni,n,2
wy,n,2
wy,r,2
wy,p,2
ow,s,2
ow,ni,2
ły,d,2
czy,n,2
czy,ć,2
czy,w,2
za,w,2
za,i,2
za,l,2
zy,ć,2
yn,o,2
yn,i,2
acz,stop,2
j,er,2
j,el,2
j,ch,2
j,w,2
j,aj,2
j,h,2
j,szcz,2
j,em,2
dzie,l,2
łod,a,2
łod,y,2
dzi,ć,2
ło,p,2
ło,ń,2
odzi,ć,2
oł,ó,2
b,or,2
b,iec,2
b,ez,2
b,et,2
b,ia,2
b,ol,2
b,lic,2
b,uchać,2
b,uc,2
b,sz,2
b,awa,2
b,aw,2
b,em,2
b,nić,2
b,ja,2
b,any,2
b,nik,2
rówka,stop,2
bo,r,2
bo,j,2
bo,b,2
bo,m,2
ró,w,2
ró,ż,2
or,z,2
or,s,2
or,m,2
nt,e,2
on,ować,2
on,d,2
czały,stop,2
zał,y,2
cza,ł,2
cza,r,2
je,d,2
rz,o,2
rz,k,2
rz,b,2
ar,ować,2
ar,e,2
mi,ja,2
mi,cz,2
zam,i,2
wys,z,2
ze,ń,2
ze,n,2
ty,ć,2
ty,n,2
ty,w,2
yk,ł,2
we,r,2
es,z,2
es,t,2
mar,c,2
rzy,k,2
ma,g,2
ma, ,2
zyć, ,2
ie, ,2
ie,z,2
iem,n,2
em,y,2
em,o,2
ś,nik,2
ś,le,2
im,p,2
być,stop,2
do,w,2
do,f,2
ob,j,2
f,it,2
f,ał,2
f,ok,2
f,ara,2
f,ga,2
f,ora,2
f,os,2
te,s,2
at,w,2
at,y,2
am,a,2
am,ó,2
najw,ł,2
najw,i,2
naj,wi,2
szy,j,2
szy,k,2
sk,ó,2
kar,a,2
kar,s,2
ska,k,2
ska,l,2
ska,z,2
ę,zn,2
ę,to,2
ę,dr,2
ię,stop,2
ię,z,2
pie,s,2
pi,ż,2
pi,k,2
sny,stop,2
os,f,2
ros,t,2
wó,d,2
pow,t,2
po,c,2
po,j,2
po,st,2
stawi,a,2
stawi,ć,2
staw,i,2
staw,a,2
staw,k,2
aw,o,2
aw,y,2
wiać,stop,2
na,ko,2
na,ł,2
ba,ł,2
an,e,2
an,s,2
zyk,ł,2
lastyczny,stop,2
iewać,stop,2
mie,n,2
to,p,2
to,a,2
pod,ł,2
pod,p,2
ani,a,2
czer,w,2
wie,r,2
zer,sz,2
ak,u,2
ak,s,2
ak,w,2
eta,r,2
ta,s,2
nk,a,2
nk,c,2
per,a,2
per,y,2
per,stop,2
per,s,2
ato,w,2
pe,s,2
ator,stop,2
rator,stop,2
fa,ł,2
ał,s,2
ał,ż,2
wi,l,2
wi,ć,2
ot,e,2
go,l,2
le,d,2
le,k,2
ur,a,2
as,i,2
bi,e,2
bi,j,2
bi,c,2
bi,z,2
ed,w,2
śni,a,2
śni,ć,2
uk,stop,2
nie,ć,2
powie,d,2
czesny,stop,2
ówn,o,2
cze,s,2
cze,k,2
yma,g,2
et,n,2
op,t,2
yw,ka,2
ark,o,2
ut,stop,2
ut,o,2
pó,j,2
ójny,stop,2
ój,n,2
ucz,y,2
ucz,e,2
ul,i,2
ul,t,2
bez,w,2
pa,ł,2
top,a,2
tru,m,2
ek,r,2
oda,t,2
da,t,2
iesz,c,2
esz,c,2
sta,n,2
sta,ń,2
sta,k,2
pot,e,2
ja,l,2
ja,n,2
ja,w,2
praw,o,2
praw,d,2
praw,i,2
pra,w,2
pra,c,2
br,z,2
br,y,2
br,u,2
prz,ą,2
prze,s,2
prze,g,2
prze,m,2
rze,i,2
rze,ż,2
rze,ć,2
ła,d,2
ła,ś,2
tan,stop,2
tan,t,2
tan,i,2
oko,m,2
iadać,stop,2
iad,a,2
ieść,stop,2
isko,stop,2
is,k,2
is,j,2
og,stop,2
og,e,2
nis,z,2
ali,z,2
tra,t,2
tra,m,2
tra,k,2
ch,r,2
ch,c,2
adza,ć,2
so,w,2
mo,w,2
mo,l,2
kła,d,2
no, ,2
no,r,2
no,m,2
najp,ó,2
źniejszy,stop,2
ija,stop,2
dym,n,2
dym,i,2
grz,y,2
bra,ż,2
brać,stop,2
kr,o,2
wojenny,stop,2
wo,j,2
wo,l,2
dz,a,2
dz,stop,2
przec,i,2
sza,ł,2
sza,l,2
sza,b,2
orski,stop,2
zować,stop,2
ą,bać,2
ą,dzie,2
mies,i,2
jać się,stop,2
yna,stop,2
rż,y,2
tak,stop,2
lewać,stop,2
ca,stop,2
tar,i,2
la,r,2
la,c,2
oka,z,2
eko,l,2
kol,o,2
jniejszy,stop,2
ho,l,2
szcze,c,2
icki,stop,2
ęczeć,stop,2
prawda,stop,2
gówn,o,2
pol,i,2
se,l,2
aj,n,2
aj,o,2
ochodzić,stop,2
czać,stop,2
dr,a,2
dr,z,2
dr,u,2
ądzić,stop,2
ąd,z,2
ąd,r,2
młod,e,2
młod,y,2
młod,s,2
mło,t,2
tow,a,2
ara,o,2
ara,d,2
ara,stop,2
ara,b,2
ezowy,stop,2
gr,a,2
gr,e,2
gr,y,2
iemię,stop,2
emi,ę,2
aniczny,stop,2
zn,ą,2
ran,i,2
ran,k,2
por,c,2
akt,u,2
akt,y,2
al,o,2
al,n,2
al,d,2
ab,a,2
kł,a,2
kać,stop,2
landzki,stop,2
lan,d,2
bu,d,2
kret,n,2
kret,y,2
kretny,stop,2
bar,a,2
bar,w,2
bar,k,2
nieć,stop,2
emię,ź,2
omny,stop,2
om,a,2
om,u,2
om,ie,2
graficzny,stop,2
icz,a,2
ron,o,2
lejszy,stop,2
karstwo,stop,2
un,ą,2
un,k,2
un,d,2
alkoholowy,stop,2
kl,o,2
kl,a,2
kl,i,2
sić,stop,2
peron,stop,2
ic,z,2
amb,u,2
rowa,d,2
udzić,stop,2
zi,ć,2
zi,a,2
łu,s,2
ud,n,2
szcz,y,2
roz,s,2
roz,t,2
tka,stop,2
aść,stop,2
przy,t,2
przy,m,2
yt,u,2
dawać,stop,2
arski,stop,2
tat,o,2
tat,e,2
tat,stop,2
tat,u,2
rg,i,2
onować,stop,2
aro,w,2
aks,y,2
szko,d,2
kowy,stop,2
rżeć,stop,2
zow,a,2
iński,stop,2
trzymać,stop,2
ciwszy,stop,2
racja,stop,2
chać,stop,2
ym,u,2
mit,a,2
izacja,stop,2
omiczny,stop,2
tać,stop,2
pomnieć,stop,2
ebać,stop,2
uczeć,stop,2
nta,ż,2
in,stop,2
wski,stop,2
żyć,stop,2
ród,stop,2
ód,z,2
ligator,stop,2
ękać,stop,2
cić,stop,2
S,ło,2
str,z,2
ono,m,2
szyk,stop,2
now,o,2
mowy,stop,2
tszy,stop,2
iczniejszy,stop,2
ologiczn,i,2
aśniejszy,stop,2
stat,u,2
aktywniejszy,stop,2
rok,stop,2
ariusz,stop,2
jo,d,2
int,r,2
epić,stop,2
szywka,stop,2
kom,o,2
dze,n,2
zapom,n,2
śnić,stop,2
stęp,stop,2
M,aj,2
świ,ę,2
świ,a,2
świ,e,2
tnik,stop,2
ilny,stop,2
małżeński,stop,2
poprawniejszy,stop,2
eg,a,2
owcowy,stop,2
cha,n,2
mię,k,2
azić,stop,2
iemi,e,2
rów,n,2
kazywać,stop,2
wni,k,2
nośny,stop,2
pamię,t,2
pamię,ć,2
ądz,e,2
waż,y,2
stawić,stop,2
lacja,stop,2
start,liczny,1
start,sr,1
start,we,1
start,skar,1
start,el,1
start,mak,1
start,im,1
start,wil,1
start,em,1
start,sar,1
start,wu,1
start,tru,1
start,dok,1
start,ul,1
start,żar,1
start,zb,1
start,kro,1
start,wojenny,1
start,przeci,1
start,pier,1
start,prawn,1
start,rozw,1
start,spó,1
start,rat,1
start,księ,1
start,różn,1
start,brzę,1
start,obi,1
start,zna,1
start,czó,1
start,sa,1
start,uł,1
start,ele,1
start,węd,1
start,wnu,1
start,be,1
start,peron,1
start,pis,1
start,rozp,1
start,ws,1
start,tata,1
start,abo,1
start,cza,1
start,czarow,1
start,aks,1
start,dro,1
start,tele,1
start,szko,1
start,szkod,1
start,kara,1
start,boja,1
start,bak,1
start,trzymać,1
start,trz,1
start,szu,1
start,dom,1
start,kwi,1
start,lep,1
start,paro,1
start,mam,1
start,arch,1
start,arc,1
start,dż,1
start,et,1
start,by,1
start,mru,1
start,skr,1
start,atr,1
start,ali,1
start,astro,1
start,ast,1
start,brz,1
start,śmie,1
start,ekologiczn,1
start,mier,1
start,lan,1
start,rżeć,1
start,ped,1
start,dawać,1
start,języ,1
start,wa,1
start,sł,1
start,kle,1
start,amb,1
start,ot,1
start,usta,1
start,us,1
start,di,1
start,kam,1
start,Ma,1
start,jas,1
start,bal,1
start,śmiesz,1
start,os,1
start,kary,1
start,kun,1
start,orzec,1
start,dys,1
start,najr,1
start,daw,1
start,wro,1
start,me,1
start,ark,1
start,arka,1
start,gn,1
start,nu,1
start,ła,1
start,mol,1
start,aro,1
start,ciekaw,1
start,fi,1
start,borówka,1
start,zie,1
start,aktywniejszy,1
start,gromadz,1
start,małżeński,1
start,zas,1
start,nast,1
start,pom,1
start,najs,1
start,zwó,1
start,edy,1
start,mia,1
start,ur,1
start,hu,1
start,alkoholowy,1
start,nal,1
start,on,1
start,najci,1
start,bl,1
start,że,1
start,zam,1
start,poprawniejszy,1
start,odstaw,1
start,aw,1
start,ze,1
start,zł,1
start,firma,1
start,rud,1
start,ru,1
start,śnić,1
start,odw,1
start,gor,1
start,wz,1
start,obie,1
start,bab,1
start,pie,1
start,rzeczy,1
start,rzec,1
start,ogni,1
start,wód,1
li,czny,1
li,p,1
li,f,1
li,s,1
li,d,1
li,ański,1
li,o,1
c,ier,1
c,znik,1
c,erski,1
c,er,1
c,zer,1
c,yn,1
c,ynk,1
c,is,1
c,zkow,1
c,ywać,1
c,ic,1
c,zu,1
c,ech,1
c,ho,1
c,yk,1
c,zon,1
c,jan,1
c,janin,1
c,iep,1
c,ot,1
c,yd,1
c,zyt,1
c,iemię,1
c,owa,1
c,nik,1
c,zk,1
c,en,1
c,hor,1
z,oodporny,1
z,ac,1
z,acz,1
z,je,1
z,dro,1
z,az,1
z,yno,1
z,wi,1
z,ier,1
z,kad,1
z,erzyć,1
z,awi,1
z,aw,1
z,ęczeć,1
z,wro,1
z,ół,1
z,być,1
z,by,1
z,wy,1
z,alkoholowy,1
z,yd,1
z,mie,1
z,czel,1
z,ys,1
z,pł,1
z,ers,1
z,uł,1
z,ym,1
z,czu,1
z,ebać,1
z,czółe,1
z,ądzić,1
z,eśni,1
z,uc,1
z,et,1
z,anta,1
z,rok,1
z,epić,1
z,arować,1
z,cza,1
z,szywka,1
z,gromadz,1
z,ap,1
z,ery,1
z,asta,1
z,ona,1
z,ła,1
z,ani,1
z,ic,1
z,yka,1
z,atr,1
z,dzi,1
z,iet,1
z,dzie,1
z,stęp,1
z,st,1
z,kować,1
z,yczn,1
z,ad,1
z,alny,1
z,oł,1
z,eni,1
z,ech,1
z,osf,1
z,jo,1
z,ajeba,1
z,erni,1
z,nic,1
z,czarow,1
z,yb,1
z,ros,1
z,um,1
z,yt,1
z,ak,1
z,wód,1
z,bl,1
y,lec,1
y,nie,1
y,tra,1
y,co,1
y,cow,1
y,cowy,1
y,nka,1
y,do,1
y,ga,1
y,lo,1
y,mie,1
y,sp,1
y,ła,1
y,cki,1
y,stn,1
y,wka,1
y,tszy,1
y,kład,1
y,mis,1
y,mać,1
y,tnik,1
y,czn,1
y,szo,1
y,go,1
y,skr,1
y,to,1
y,sty,1
y,nowa,1
y,czniejszy,1
y,si,1
y,bi,1
y,tu,1
y,zon,1
y,sy,1
y,powie,1
y,powied,1
y,pow,1
y,wi,1
y,stad,1
n,ocz,1
n,ywać,1
n,yw,1
n,ieść,1
n,isko,1
n,okład,1
n,ok,1
n,ość,1
n,ica,1
n,iadać,1
n,eko,1
n,ekologiczn,1
n,icki,1
n,landzki,1
n,dz,1
n,lan,1
n,kret,1
n,kretny,1
n,kr,1
n,aszy,1
n,ucz,1
n,awi,1
n,at,1
n,aczy,1
n,or,1
n,dr,1
n,aku,1
n,omiczny,1
n,om,1
n,inow,1
n,ob,1
n,tacja,1
n,tan,1
n,ali,1
n,ariusz,1
n,ud,1
n,udn,1
n,ezowy,1
n,ist,1
n,iew,1
n,ój,1
n,aj,1
n,ajeba,1
n,se,1
n,serw,1
n,oś,1
n,al,1
n,skr,1
n,asta,1
n,es,1
n,go,1
l,umn,1
l,kon,1
l,go,1
l,atar,1
l,ata,1
l,at,1
l,et,1
l,fa,1
l,ow,1
l,un,1
l,gn,1
l,ica,1
l,eń,1
l,ęczeć,1
l,oj,1
l,ty,1
l,ep,1
l,um,1
l,koła,1
l,iga,1
l,sko,1
l,sk,1
l,izacja,1
l,arn,1
l,mowy,1
l,mo,1
l,ust,1
l,ator,1
l,ew,1
l,ąd,1
l,or,1
l,ora,1
l,oran,1
l,eg,1
l,er,1
l,uty,1
l,ękać,1
l,ud,1
l,ownik,1
l,ima,1
l,uz,1
l,epić,1
l,it,1
l,nota,1
l,iczniejszy,1
l,az,1
l,eka,1
l,en,1
l,od,1
l,ek,1
l,ac,1
l,de,1
i,warka,1
i,em,1
i,mac,1
i,ani,1
i,eta,1
i,lg,1
i,eń,1
i,arz,1
i,wdzi,1
i,en,1
i,es,1
i,jać się,1
i,si,1
i,ba,1
i,ża,1
i,alny,1
i,ak,1
i,szcz,1
i,ur,1
i,wszy,1
i,ato,1
i,ru,1
i,on,1
i,mać,1
i,edzi,1
i,ok,1
i,lk,1
i,czka,1
i,eszcz,1
i,czniejszy,1
i,tar,1
i,peron,1
i,aśniejszy,1
i,des,1
i,wi,1
i,ęt,1
i,echa,1
i,czały,1
i,cza,1
i,zyk,1
i,now,1
i,ep,1
i,erni,1
i,ad,1
i,cy,1
i,oł,1
i,ęk,1
i,co,1
i,bi,1
i,zow,1
i,zować,1
i,ada,1
i,mat,1
i,czać,1
i,tyczny,1
i,ty,1
i,erowa,1
i,ter,1
i,strz,1
i,otek,1
i,zn,1
i,szpa,1
i,bo,1
i,oodporny,1
cz,ni,1
cz,o,1
cz,na,1
cz,owy,1
s,rom,1
s,ycki,1
s,zeć,1
s,ze,1
s,pieszyć,1
s,pie,1
s,ywać,1
s,yw,1
s,ur,1
s,zny,1
s,tan,1
s,iadać,1
s,iad,1
s,zować,1
s,ądzić,1
s,ąd,1
s,tata,1
s,iemię,1
s,iem,1
s,pomnieć,1
s,pom,1
s,ty,1
s,tak,1
s,mr,1
s,ery,1
s,tr,1
s,tny,1
s,abo,1
s,tru,1
s,teryczny,1
s,pan,1
s,isko,1
s,is,1
s,ow,1
s,in,1
s,zas,1
s,kon,1
s,prawd,1
s,pra,1
s,ob,1
s,rać,1
s,kret,1
s,kretny,1
s,ele,1
s,el,1
s,et,1
s,adzać,1
s,it,1
s,ito,1
s,akso,1
s,oń,1
s,ero,1
s,erowa,1
s,zu,1
s,tka,1
s,zam,1
s,tra,1
s,kowy,1
s,kazywać,1
s,kaz,1
s,ym,1
s,ejs,1
rom,stop,1
rom,o,1
rom,n,1
m,fi,1
m,iewać,1
m,aszy,1
m,as,1
m,nica,1
m,ies,1
m,yw,1
m,ywa,1
m,ac,1
m,ość,1
m,bu,1
m,ieni,1
m,pt,1
m,ody,1
m,od,1
m,any,1
m,il,1
m,it,1
m,nieć,1
m,ród,1
m,ró,1
m,ita,1
m,usk,1
m,ad,1
m,ow,1
m,un,1
m,eta,1
m,ani,1
m,bula,1
m,erzy,1
m,yt,1
m,iec,1
m,ut,1
m,ia,1
m,rok,1
m,ito,1
m,or,1
m,pan,1
m,uc,1
m,ist,1
m,ul,1
r,tyk,1
r,ty,1
r,zys,1
r,wie,1
r,ator,1
r,du,1
r,zeń,1
r,zeci,1
r,dz,1
r,ost,1
r,acz,1
r,ot,1
r,aniczny,1
r,ynk,1
r,żać,1
r,mac,1
r,st,1
r,aść,1
r,aż,1
r,ażać,1
r,gi,1
r,ownik,1
r,zyk m,1
r,uch,1
r,ac,1
r,cowy,1
r,bar,1
r,uczeć,1
r,ucz,1
r,ety,1
r,wa,1
r,omny,1
r,zny,1
r,ono,1
r,op,1
r,ema,1
r,taż,1
r,un,1
r,ape,1
r,ank,1
r,ywa,1
r,yna,1
r,dszy,1
r,nica,1
r,awi,1
r,bi,1
r,ój,1
r,yt,1
r,ówka,1
r,og,1
r,ogan,1
r,sarz,1
r,nia,1
r,azić,1
r,us,1
r,olog,1
r,ak,1
r,as,1
r,zyt,1
r,ote,1
r,ab,1
r,ek,1
r,ow,1
r,ia,1
r,sk,1
r,udn,1
o,teryczny,1
o,ter,1
o,liczn,1
o,że,1
o,dzie,1
o,dzi,1
o,ło,1
o,ró,1
o,być,1
o,sny,1
o,warz,1
o,śni,1
o,wied,1
o,bal,1
o,czesny,1
o,cze,1
o,pis,1
o,zł,1
o,pływ,1
o,rzecz,1
o,je,1
o,rs,1
o,tak,1
o,top,1
o,let,1
o,por,1
o,graficzny,1
o,nowy,1
o,lastyczny,1
o,ższy,1
o,db,1
o,liczny,1
o,tka,1
o,dny,1
o,żdż,1
o,dy,1
o,jać się,1
o,stawa,1
o,mni,1
o,skar,1
o,us,1
o,lić,1
o,roni,1
o,tać,1
o,ne,1
o,brz,1
o,ks,1
o,sić,1
o,wski,1
o,rga,1
o,bu,1
o,kos,1
o,szczel,1
o,du,1
o,wo,1
o,mowy,1
o,rzyst,1
o,tkow,1
o,kł,1
o,for,1
o,ligator,1
o,tra,1
o,nić,1
o,ja,1
o,tek,1
o,fi,1
o,go,1
o,jniejszy,1
o,bab,1
o,trzymać,1
o,pt,1
o,rowy,1
o,min,1
o,pol,1
o,mia,1
o,si,1
o,rów,1
o,tar,1
o,kazywać,1
o,ista,1
o,lim,1
o,śny,1
o,śn,1
o,kor,1
o,kap,1
o,kt,1
o,dk,1
o,grani,1
o,gr,1
o,ho,1
o,stęp,1
o,pr,1
o,stra,1
o,lacja,1
o,te,1
o,sy,1
o,moty,1
o,nośny,1
o,cha,1
o,len,1
o,dow,1
o,mnia,1
o,mn,1
o,ważn,1
ro,sz,1
ro,wa,1
ro,ź,1
ro,st,1
sr,o,1
e,zo,1
e,sar,1
e,sarz,1
e,lastyczny,1
e,rator,1
e,let,1
e,od,1
e,sny,1
e,strze,1
e,bra,1
e,brać,1
e,nica,1
e,sią,1
e,dw,1
e,ść,1
e,se,1
e,czny,1
e,to,1
e,nk,1
e,dszy,1
e,zal,1
e,śni,1
e,cać,1
e,rka,1
e,grani,1
e,rw,1
e,rna,1
e,kcja,1
e,rety,1
e,nt,1
e,ża,1
e,rdz,1
e,trz,1
e,mak,1
e,por,1
e,utro,1
e,al,1
e,ali,1
e,ukl,1
e,uk,1
e,nis,1
e,as,1
e,rczy,1
e,chać,1
e,nic,1
e,tny,1
e,lanow,1
e,prawda,1
e,ologiczn,1
e,szko,1
e,ższy,1
e,di,1
e,tniejszy,1
e,wia,1
e,rb,1
e,graficzny,1
e,mo,1
e,mię,1
e,ck,1
e,dn,1
e,sk,1
e,mny,1
e,pan,1
e,pa,1
e,aniczny,1
e,ani,1
e,lo,1
e,nośny,1
e,dukt,1
e,wa,1
e,row,1
e,bu,1
e,czka,1
e,rować,1
e,pi,1
e,rac,1
e,rs,1
e,gar,1
e,tr,1
e,ntym,1
e,kt,1
e,karstwo,1
e,kar,1
e,tar,1
e,za,1
e,zapomni,1
e,zapom,1
e,ki,1
e,lacja,1
t,rój,1
t,ró,1
t,us,1
t,arka,1
t,ark,1
t,ania,1
t,ryn,1
t,opa,1
t,ogra,1
t,rat,1
t,ot,1
t,ota,1
t,ul,1
t,arski,1
t,atar,1
t,awać,1
t,em,1
t,ema,1
t,omiczny,1
t,es,1
t,łu,1
t,łus,1
t,ycki,1
t,yc,1
t,rolog,1
t,aż,1
t,wie,1
t,wi,1
t,sz,1
t,arz,1
t,rac,1
t,erni,1
t,rw,1
t,om,1
t,od,1
t,ni,1
t,ystyczny,1
t,ła,1
t,aj,1
t,ata,1
t,ariusz,1
t,rans,1
t,ywa,1
t,ono,1
t,on,1
t,yw,1
t,wo,1
ter,a,1
ry,l,1
ry,b,1
ry,m,1
ry,stop,1
ry,k,1
ry,d,1
ry,p,1
ry,s,1
zo,t,1
zo,o,1
zo,od,1
yc,z,1
yc,er,1
yc,e,1
yc,ki,1
ery,m,1
ery,n,1
ery,stop,1
a,ża,1
a,czn,1
a,wiać,1
a,kiet,1
a,fa,1
a,zowy,1
a,wn,1
a,dny,1
a,mienia,1
a,mie,1
a,ki,1
a,tar,1
a,brać,1
a,granicz,1
a,kać,1
a,ran,1
a,rs,1
a,fi,1
a,źniejszy,1
a,sić,1
a,ku,1
a,bak,1
a,mb,1
a,tyk,1
a,ść,1
a,sy,1
a,tny,1
a,towy,1
a,kt,1
a,roni,1
a,mro,1
a,licz,1
a,ligator,1
a,str,1
a,goni,1
a,ko,1
a,lszy,1
a,tka,1
a,jo,1
a,dzenie,1
a,dze,1
a,pomnieć,1
a,rzec,1
a,rzecz,1
a,fo,1
a,torium,1
a,śnić,1
a,śni,1
a,nowa,1
a,ryna,1
a,dszy,1
a,wil,1
a,dom,1
a,tek,1
a,tor,1
a,ło,1
a,rog,1
a,nal,1
a,cyjny,1
a,rowanie,1
a,niczny,1
a,stęp,1
a,dzi,1
a,dzie,1
a,uczeć,1
a,ucz,1
a,uc,1
a,lewać,1
a,sis,1
a,żyć,1
a,cki,1
a,stawi,1
a,stawić,1
a,sta,1
a,de,1
a,pe,1
a,we,1
a,wers,1
a,po,1
a,ci,1
a,uch,1
a,tkow,1
a,del,1
d,ystyczny,1
d,ys,1
d,rga,1
d,ob,1
d,ros,1
d,powied,1
d,powie,1
d,ut,1
d,staw,1
d,oko,1
d,no,1
d,or,1
d,le,1
d,lewać,1
d,nica,1
d,wojenny,1
d,pot,1
d,po,1
d,rac,1
d,racz,1
d,ie,1
d,zki,1
d,ot,1
d,karstwo,1
d,kar,1
d,om,1
d,bud,1
d,owa,1
d,us,1
d,dawać,1
d,awa,1
d,bać,1
d,ba,1
d,rżeć,1
d,rż,1
d,omn,1
d,ró,1
d,żdż,1
d,uż,1
d,uży,1
d,ochodzić,1
d,ry,1
d,mier,1
d,mi,1
d,mie,1
d,miern,1
d,ech,1
d,ch,1
d,ły,1
d,pis,1
d,wó,1
d,wój,1
d,rować,1
d,małżeński,1
d,nio,1
d,wers,1
d,we,1
d,eszcz,1
d,esz,1
d,ymać,1
d,em,1
d,emi,1
d,stawi,1
d,stawić,1
d,rz,1
d,waż,1
d,wa,1
d,yna,1
d,owcowy,1
d,ru,1
d,at,1
d,por,1
dys,k,1
st,ka,1
st,w,1
st,na,1
st,racja,1
st,y,1
st,stop,1
ad,y,1
ad,m,1
ad,stop,1
ad,ch,1
ad,s,1
cie,n,1
ń,czy,1
ci,s,1
ci,wszy,1
ci,b,1
er,ń,1
er,i,1
ier,ń,1
ier,ś,1
ier,ż,1
ier,n,1
u,sy,1
u,czy,1
u,tek,1
u,tor,1
u,so,1
u,jniejszy,1
u,pe,1
u,rzyć,1
u,rzy,1
u,nąć,1
u,kiet,1
u,sza,1
u,bi,1
u,zi,1
u,racja,1
u,rac,1
u,chać,1
u,ły,1
u,se,1
u,żyć,1
u,ży,1
u,szkod,1
u,szko,1
u,cić,1
u,ga,1
u,tniejszy,1
u,sku,1
u,ska,1
u,sk,1
u,strac,1
u,st,1
u,plejszy,1
u,li,1
u,sze,1
u,rator,1
u,kl,1
u,ty,1
u,nast,1
u,dow,1
u,awa,1
u,rządz,1
u,la,1
u,zec,1
u,de,1
u,ść,1
u,cy,1
w,ażać,1
w,pł,1
w,pływ,1
w,ow,1
w,owy,1
w,es,1
w,il,1
w,iedn,1
w,ul,1
w,yn,1
w,dz,1
w,ijać,1
w,ark,1
w,orz,1
w,or,1
w,ieść,1
w,awy,1
w,ier,1
w,strze,1
w,niak,1
w,adzać,1
w,adza,1
w,ieś,1
w,odzi,1
w,odn,1
w,ył,1
w,ak,1
w,od,1
w,ałac,1
w,sp,1
w,icki,1
w,aśniejszy,1
w,yw,1
w,czesny,1
w,cz,1
w,cze,1
w,ilny,1
w,ym,1
w,iad,1
w,cowy,1
w,ia,1
w,łos,1
w,ło,1
w,una,1
w,ój,1
w,ed,1
w,ers,1
w,er,1
w,spó,1
w,zwó,1
w,any,1
w,co,1
w,eg,1
w,acz,1
w,rz,1
w,nowa,1
w,ażnik,1
w,is,1
ż,en,1
ż,eni,1
ż,yn,1
ż,yna,1
ż,ezowy,1
ż,um,1
ż,ow,1
ż,ół,1
ż,yk,1
wa,w,1
wa,k,1
wa,ś,1
wa,ny,1
ża,ć,1
ża,m,1
ża,k,1
g,ot,1
g,nis,1
g,rzy,1
g,ul,1
g,aw,1
g,owiec,1
g,ran,1
g,re,1
g,ówn,1
g,as,1
g,wał,1
g,wa,1
g,nąć,1
g,ic,1
g,aj,1
g,rze,1
g,ad,1
g,iczniejszy,1
g,iczni,1
g,onizować,1
g,ator,1
g,ank,1
g,rosz,1
g,odn,1
g,en,1
g,enic,1
g,lut,1
g,ły,1
g,et,1
g,nio,1
rga,ć,1
rga,n,1
ga,t,1
ga,z,1
h,adza,1
h,rom,1
h,ro,1
h,wiać,1
h,wia,1
h,odzi,1
h,ło,1
h,ni,1
h,nieć,1
h,amb,1
h,am,1
h,iński,1
h,ciwszy,1
h,ci,1
h,sz,1
h,ip,1
h,nia,1
h,um,1
h,oke,1
h,ok,1
h,arski,1
h,orz,1
h,ry,1
ki,w,1
ki,m,1
ki,n,1
ki,e,1
k,oł,1
k,arb,1
k,ali,1
k,sp,1
k,am,1
k,urz,1
k,tu,1
k,tron,1
k,tr,1
k,trono,1
k,lejszy,1
k,al,1
k,te,1
k,us,1
k,ani,1
k,ara,1
k,wiat,1
k,ima,1
k,rze,1
k,unk,1
k,un,1
k,wik,1
k,oła,1
k,rom,1
k,szyk,1
k,ość,1
k,lo,1
k,tru,1
k,trum,1
k,analiz,1
k,ądzi,1
k,ąd,1
k,rut,1
k,li,1
k,łos,1
k,lep,1
k,syjny,1
k,wa,1
k,ona,1
k,ow,1
k,uch,1
k,und,1
k,ura,1
k,rówka,1
k,arka,1
k,oko,1
k,ry,1
k,ser,1
k,ana,1
k,omo,1
k,ałac,1
k,lan,1
us,o,1
us,e,1
us,ka,1
sy,c,1
sy,w,1
sy,wa,1
sy,stop,1
sy,p,1
od,ra,1
od,r,1
od,k,1
od,wa,1
p,ówka,1
p,odstaw,1
p,ery,1
p,ija,1
p,op,1
p,ier,1
p,ała,1
p,ał,1
p,tak,1
p,ochodzić,1
p,iesz,1
p,ros,1
p,czyk,1
p,orzec,1
p,ora,1
p,az,1
p,rzyd,1
p,to,1
p,ła,1
p,ak,1
p,łod,1
p,onować,1
p,ić się,1
p,oron,1
p,og,1
p,usta,1
p,sz,1
p,ękać,1
p,re,1
p,rzeczy,1
p,erski,1
p,ers,1
p,lo,1
p,al,1
p,lejszy,1
p,tr,1
p,lan,1
p,is,1
p,oł,1
p,any,1
p,iewać,1
p,ilny,1
p,acz,1
p,iad,1
p,iada,1
p,ia,1
p,ud,1
p,ól,1
p,rac,1
p,omni,1
kal,u,1
kal,i,1
nia,r,1
ia,k,1
ia,l,1
ia,t,1
umn,i,1
ka,ry,1
ka,w,1
ka,zyw,1
ec,y,1
ec,ać,1
ł,ywo,1
ł,odzi,1
ł,czały,1
ł,cza,1
ł,awny,1
ł,as,1
ł,opa,1
ł,op,1
ł,ówn,1
ł,oda,1
ł,omny,1
ł,udzić,1
ł,ud,1
ł,atny,1
ł,bas,1
ł,pić,1
ł,pi,1
ł,adza,1
ł,uży,1
ł,eczka,1
ł,ecz,1
ł,aś,1
ł,szywka,1
ł,szy,1
ł,tar,1
ł,on,1
ł,at,1
ł,atek,1
ł,owcowy,1
ł,ow,1
ł,azić,1
ł,az,1
ł,osk,1
ł,aść,1
ł,uż,1
ł,aczka,1
ł,pracowni,1
ł,pra,1
ó,wn,1
ó,jny,1
ó,źniejszy,1
ó,wny,1
ó,ść,1
ó,dka,1
ó,tszy,1
ó,łka,1
ó,żniejszy,1
ko,na,1
ol,iczn,1
ol,s,1
ol,i,1
znik,stop,1
iec,z,1
iec,k,1
że,n,1
że,l,1
ni,stop,1
ni,cki,1
ni,ać,1
ni,zow,1
ni,m,1
ni,cja,1
en,iczny,1
en,stop,1
en,d,1
eni,c,1
pł,y,1
pł,a,1
pływ,o,1
pływ,stop,1
wy,ni,1
wy,st,1
ow,ó,1
ow,o,1
ow,c,1
ow,ie,1
ły, ,1
ywo,w,1
czy,k,1
za,min,1
za,wi,1
za,g,1
za,ić,1
za,stop,1
za,nie,1
za,t,1
za,ba,1
za,o,1
zy,s,1
yn,k,1
yn,g,1
ac,a,1
ac,h,1
acz,k,1
j,wa,1
j,alny,1
j,ni,1
j,am,1
j,skromn,1
j,mow,1
j,ele,1
j,oni,1
j,alniejszy,1
j,gr,1
j,or,1
j,kr,1
j,aktywniejszy,1
j,akt,1
j,ona,1
j,od,1
j,ł,1
j,owa,1
j,anin,1
j,ul,1
j,t,1
j,poprawniejszy,1
j,edn,1
j,aw,1
j,landzki,1
j,lan,1
j,ono,1
j,ebać,1
j,ciekaw,1
j,ad,1
j,ada,1
j,as,1
j,edy,1
j,emi,1
j,miern,1
dzie,j,1
dzie,t,1
dzie,c,1
łod,e,1
łod,n,1
łod,s,1
dzi,stop,1
dzi,a,1
odzi,e,1
oł,o,1
oł,stop,1
oł,ą,1
b,rosz,1
b,ocz,1
b,ow,1
b,owni,1
b,urz,1
b,ara,1
b,akt,1
b,uk,1
b,oli,1
b,on,1
b,onować,1
b,ieni,1
b,udzić,1
b,serw,1
b,arz,1
b,er,1
b,rzy,1
b,tro,1
b,ot,1
b,rut,1
b,ałka,1
b,ał,1
b,uchn,1
b,ic,1
b,ni,1
b,ry,1
b,de,1
b,se,1
b,ród,1
b,ró,1
b,ran,1
b,az,1
b,as,1
b,li,1
b,row,1
b,iek,1
b,ab,1
b,rud,1
rówka, ,1
bo,c,1
bo,czny,1
bo,t,1
bo,s,1
ró,j,1
ró,ś,1
or,ó,1
or,zy,1
or,a,1
or,p,1
or,o,1
nt,stop,1
on,k,1
on,y,1
kon,t,1
kon,y,1
kon,a,1
lo,l,1
lo,n,1
lo,i,1
lo,t,1
lo,s,1
lo,w,1
lo,ko,1
lo,k,1
lo,d,1
cza,ć,1
je,ł,1
je,n,1
tr,ó,1
tr,u,1
tr,i,1
tr,o,1
tr,stop,1
rz,ki,1
rz,ą,1
rz,ać,1
rz,ó,1
sar,z,1
sar,k,1
owa,w,1
owa,k,1
owa,t,1
owa,n,1
owa,c,1
owa,ż,1
ar,ski,1
ar,on,1
ar,ad,1
ar,na,1
ar,wa,1
ar,yk,1
ar,cha,1
sarz,o,1
sarz,stop,1
mi,g,1
mi,ać,1
min,stop,1
min,a,1
zam,p,1
zam,ó,1
arka,d,1
sz,eć,1
sz,ka,1
sz,pa,1
sz,ko,1
sz,oł,1
wys,p,1
wys,t,1
wys,y,1
warka,stop,1
dy,m,1
dy,stop,1
dy,k,1
dy,n,1
ze,s,1
ze,c,1
ze,w,1
ze,p,1
ze,ż,1
ze,d,1
ze,k,1
ze,g,1
ze,l,1
tyk,u,1
ty,m,1
ty,s,1
ty,ż,1
ty,stop,1
ty,na,1
ty,g,1
ty,l,1
yk,u,1
yk,l,1
yk,a,1
we,s,1
es,n,1
es,i,1
es,e,1
es,l,1
es,m,1
mar,z,1
rzy,b,1
rzy,t,1
rzy,ma,1
rzy,d,1
ma,s,1
ma,ński,1
ma,ń,1
ma,ź,1
ie,nia,1
ie,ł,1
ie,ni,1
ie,rzyć,1
ie,wać,1
ziemn,i,1
ziemn,y,1
iem,a,1
em,ni,1
em,p,1
em,a,1
ś,cie,1
ś,pie,1
ś,pieszyć,1
ś,nia,1
ś,mier,1
ś,cić,1
ś,ciwszy,1
ś,ci,1
ś,ród,1
ś,ró,1
ś,mies,1
ś,wie,1
ś,mia,1
ś,wia,1
ś,liczn,1
ś,lic,1
czn,i,1
czn,a,1
mac,z,1
mac,j,1
im,ac,1
do,b,1
do,kon,1
do,t,1
do,c,1
ob,y,1
ob,r,1
ob,u,1
f,oka,1
f,eni,1
f,ar,1
f,ab,1
f,icz,1
f,onow,1
f,onowa,1
f,aks,1
f,el,1
f,unk,1
f,gan,1
f,utro,1
f,ut,1
f,iński,1
f,ia,1
te,at,1
te,ista,1
te,i,1
te,m,1
te,n,1
te,o,1
at,e,1
at,ł,1
at,u,1
it,stop,1
it,o,1
am,f,1
am,r,1
am,u,1
am,p,1
fi,t,1
fi,r,1
najw,a,1
najw,y,1
naj,tw,1
naj,ro,1
naj,ci,1
skar,b,1
skar,ż,1
arb,i,1
sk,r,1
sk,stop,1
kar,b,1
kar,ać,1
kar,t,1
ska,stop,1
ę,cze,1
ę,ższy,1
ę,ci,1
ę,kowy,1
ę,stwo,1
ę,zyk m,1
ę,zyk,1
ę,tn,1
ę,kać,1
ę,zycze,1
ę,ta,1
ę,tać,1
ę,po,1
ę,tnik,1
pieszyć, ,1
pieszyć,stop,1
 ,prawda,1
 ,wy,1
 ,mi,1
 ,fizy,1
 ,fi,1
 ,br,1
 ,przy,1
 ,prz,1
ię,ź,1
ię,s,1
ię,t,1
ię,k,1
pie,p,1
pi,ó,1
pi,ć się,1
pi,arz,1
pi,l,1
pi,ć,1
dro,s,1
dro,ż,1
az,d,1
az,stop,1
az,i,1
az,a,1
az,o,1
os,n,1
os,p,1
os,owy,1
ros,n,1
pow,ó,1
po,wó,1
po,pi,1
po,ta,1
po,ra,1
po,le,1
po,n,1
po,tra,1
po,wi,1
staw,ać,1
aw,ać,1
aw,k,1
aw,stop,1
aw,e,1
na,w,1
na,s,1
na,l,1
na,g,1
ba,na,1
ba,ń,1
ba,wa,1
ba, ,1
ba,za,1
an,izacja,1
an,iczny,1
zyk,a,1
el,a,1
el,u,1
mie,w,1
mie,wać,1
wać, ,1
raz,stop,1
raz,i,1
ra,towa,1
ra,czać,1
ra,ź,1
ra,m,1
ra,b,1
to,ż,1
to,ta,1
to,m,1
to,f,1
to,d,1
to,z,1
warz,y,1
zys,k,1
podziwia,n,1
podziwia,ć,1
pod,l,1
pod,r,1
wie,ń,1
wie,cz,1
wie,stop,1
wie,j,1
wie,ż,1
zer,w,1
mak,i,1
mak,e,1
ak,i,1
ak,ać,1
ak,b,1
ak,on,1
ak,e,1
ak,o,1
ak,ować,1
ak,c,1
eta,f,1
kiet,a,1
kiet,stop,1
ta,wa,1
ta,u,1
ta,wać,1
ta,ń,1
ynk,stop,1
ynk,a,1
nk,stop,1
nk,o,1
nk,s,1
pe,ra,1
pe,tr,1
pe,t,1
pe,r,1
pe,d,1
pe,ć,1
ator,i,1
fa,stop,1
fa,r,1
fa,b,1
fa,k,1
fałsz,stop,1
fałsz,y,1
ał,c,1
ał,y,1
il,g,1
il,c,1
wi,j,1
wi,c,1
wi,s,1
wil,g,1
wil,ny,1
ot,n,1
ot,ować,1
ot,r,1
ot,ar,1
go,t,1
go,r,1
go,n,1
go,w,1
go,d,1
lg,o,1
ele,t,1
ele,k,1
ele,f,1
ele,ń,1
ele,r,1
le,c,1
le,f,1
le,ż,1
le,m,1
le,wski,1
le,o,1
ur,n,1
ur,d,1
ur,o,1
let,u,1
let,o,1
aszy,n,1
aszy,j,1
yno,p,1
as,ić,1
as,ł,1
as,p,1
as,ta,1
as,n,1
bi,a,1
bi,k,1
bi,t,1
ed,o,1
ed,s,1
ed,nik,1
ed,z,1
ed,u,1
bie,d,1
bie,c,1
bie,l,1
bie,k,1
śni,k,1
uk,i,1
nie,ś,1
nie,c,1
nie,wi,1
nie,w,1
nie,z,1
wied,n,1
wied,z,1
powied,n,1
powied,z,1
iedn,i,1
bal,i,1
bal,stop,1
ocz,e,1
ocz,ny,1
ówn,y,1
ówn,i,1
ówn,a,1
wn,o,1
wn,y,1
cze,rzy,1
cze,rz,1
cze,ć,1
cze,c,1
cze,ni,1
rój,k,1
et,o,1
et,e,1
et,ó,1
et,l,1
et,y,1
pis,y,1
pis,z,1
pis,ać,1
op,at,1
op,ł,1
yw,o,1
yw,ać,1
yw,n,1
du,t,1
du,s,1
du,ń,1
du,k,1
ut,r,1
pó,d,1
ucz,ę,1
ul,k,1
ul,stop,1
ul,e,1
ul,o,1
wu,l,1
ru,n,1
ru,c,1
ru,r,1
ru,d,1
ru,h,1
bez,a,1
bez,p,1
bez,d,1
ez,w,1
ez,a,1
topaz,o,1
topaz,stop,1
pa,ć,1
top,owy,1
top,o,1
tru,na,1
um,n,1
um,a,1
um,o,1
ek,a,1
ek,i,1
zł,e,1
zł,o,1
kas,j,1
kas,z,1
podat,n,1
podat,k,1
iesz,n,1
iesz,y,1
iesz,k,1
esz,n,1
esz,y,1
awa,ć,1
awa,n,1
odstaw,a,1
odstaw,i,1
pot,a,1
pot,o,1
pot,wa,1
pot,w,1
pot,stop,1
ja,ć,1
ja,ny,1
ja,ł,1
ja,d,1
ja,da,1
praw,n,1
awny,stop,1
br,e,1
br,ó,1
zeń,stop,1
prz,yt,1
prz,ek,1
prze,czy,1
prze,pić,1
prze,p,1
prze,ż,1
prze,k,1
prze,n,1
rze,s,1
rze,g,1
rze,w,1
rze,b,1
rze,śn,1
rze,p,1
rze,l,1
rze,k,1
rze,czy,1
strze,ń,1
strze,m,1
ła,t,1
ła,k,1
ła,m,1
ła,ć,1
ła,z,1
oko,n,1
oko,r,1
ok,s,1
ok,w,1
ok,or,1
dok,o,1
si,a,1
si,ą,1
si,e,1
si,n,1
si,ł,1
si,t,1
si,c,1
iad,o,1
wyrzu,t,1
wyrzu,c,1
is,stop,1
is,z,1
is,a,1
og,n,1
og,r,1
og,a,1
og,i,1
og,ni,1
nis,k,1
nis,owy,1
ali,f,1
ali,g,1
cytr,a,1
cytr,y,1
cy,t,1
cy,k,1
cy,d,1
cy,j,1
tra,stop,1
tra,p,1
tra,wa,1
tra,w,1
tra,d,1
ch,ni,1
ch,s,1
ch,stop,1
ch,an,1
ch,or,1
adza,stop,1
sp,e,1
sp,i,1
sp,a,1
so,m,1
so,n,1
so,ń,1
mo,s,1
mo,n,1
mo,r,1
okład,n,1
jed,n,1
jed,y,1
jed,w,1
no,k,1
no,a,1
no,s,1
no,b,1
milcz,e,1
milcz,ą,1
ować, ,1
żar,t,1
ź,wię,1
ź,wied,1
pija,ć,1
pija,n,1
ija,ć,1
dym,a,1
zb,i,1
grzyb,ie,1
grzyb,o,1
mienia,r,1
rzecz,n,1
rzecz,o,1
rzec,stop,1
rzec,h,1
nied,o,1
nied,ź,1
de,b,1
de,stop,1
de,n,1
de,k,1
de,h,1
bra,ć,1
kro,g,1
wo,d,1
wo,stop,1
zeci,w,1
pr,y,1
pr,ó,1
wdzi,e,1
dz,k,1
przeci,w,1
rosz,a,1
rosz,stop,1
sza,s,1
sza,m,1
pier,ś,1
prawn,o,1
tor,s,1
tor,stop,1
rs,k,1
rs,e,1
rs,stop,1
ała,s,1
ą,dzi,1
ą,ba,1
ą,cza,1
ą,dniejszy,1
ą,cze,1
ą,dze,1
mies,zkow,1
zkow,y,1
zkow,a,1
sią,c,1
ies,i,1
rozw,i,1
ijać, ,1
ata,r,1
opa,t,1
opa,z,1
yna,k,1
rż,e,1
zie,r,1
zie,t,1
zie,m,1
tak,i,1
kad,z,1
spó,d,1
spó,l,1
ca,ć,1
wia,ć,1
wia,d,1
wia,t,1
tar,k,1
tar,a,1
tar,z,1
atar,k,1
atar,s,1
la,ta,1
la,ć,1
rat,o,1
rat,wa,1
towa,n,1
pta,k,1
pta,s,1
oka,stop,1
oka,r,1
oka,p,1
przedw,o,1
przedw,c,1
dw,o,1
eko,n,1
ekologiczn,y,1
ekologiczn,i,1
ywa,r,1
ywa,t,1
ywa,stop,1
księ,ż,1
cow,y,1
najb,u,1
najb,r,1
wny,stop,1
ho,ł,1
ho,u,1
ho,d,1
szczer,z,1
szczer,y,1
erzyć,stop,1
zab,r,1
zab,a,1
ku,r,1
ku,p,1
ku,s,1
ku,ł,1
urz,stop,1
urz,y,1
różn,o,1
orz,y,1
orz,e,1
awi,e,1
awi,a,1
awi,lny,1
brzę,c,1
gówno, ,1
gówno,b,1
pol,e,1
pol,a,1
se,ń,1
se,stop,1
se,s,1
se,t,1
aj,ny,1
aj,e,1
aj,l,1
rac,z,1
rac,j,1
rac,ać,1
rac,a,1
rac,i,1
rac,k,1
rac,o,1
racz,a,1
dr,y,1
dr,ować,1
śpie,s,1
śpie,w,1
ąd,stop,1
mło,d,1
tata,stop,1
tata,r,1
ost,a,1
ost,ę,1
ost,r,1
pro,s,1
pro,p,1
pro,l,1
owie,c,1
owie,stop,1
owiec,z,1
awy,stop,1
ara,n,1
ara,w,1
gr,u,1
gr,z,1
wro,t,1
wro,g,1
zw,r,1
zw,y,1
zw,ó,1
emi,e,1
emi,c,1
emi,o,1
granicz,n,1
zn,ie,1
zn,e,1
czyk,stop,1
por,z,1
por,t,1
por,ny,1
orzec,stop,1
orzec,h,1
owni,c,1
obi,e,1
akt,e,1
tu,a,1
tu,lniejszy,1
zna,k,1
ania,stop,1
al,a,1
al,et,1
al,m,1
ab,l,1
ab,o,1
ab,us,1
ab,c,1
kło,d,1
kło,s,1
kł,o,1
ryn,k,1
nka,stop,1
ół,e,1
ół,t,1
łe,n,1
łe,c,1
czó,ł,1
zki,stop,1
lan,t,1
lan,o,1
lan,stop,1
re,n,1
re,s,1
re,z,1
re,a,1
re,w,1
bu,k,1
bu,zi,1
bu,z,1
bu,l,1
bar,z,1
ora,stop,1
by,ć,1
by,ł,1
nas,z,1
nas,t,1
sa,ł,1
oskarża,ć,1
oskarża,n,1
uł,o,1
uł,y,1
om,e,1
om,i,1
om,p,1
fotog,r,1
fotog,e,1
ogra,f,1
icz,n,1
fo,t,1
fo,n,1
fo,r,1
fo,s,1
jag,ó,1
jag,o,1
dka,stop,1
nowy,stop,1
ron,a,1
tron,o,1
trono,w,1
węd,k,1
wnu,c,1
be,z,1
zal,k,1
rzyd,o,1
yd,o,1
yd,stop,1
kl,ę,1
db,u,1
bud,o,1
wał,c,1
ic,i,1
ic,y,1
ieni,a,1
ieni,c,1
bak,u,1
bak,b,1
oli,czny,1
mb,stop,1
ieś,n,1
D,unk,1
D,un,1
unk,a,1
unk,s,1
unk,c,1
łu,d,1
łu,ż,1
łu,k,1
ud,z,1
ud,o,1
ud,y,1
kt,o,1
kt,y,1
czel,stop,1
szcz,ec,1
szcz,o,1
roz,c,1
roz,cz,1
rozp,o,1
tka,n,1
lu,n,1
lu,ty,1
lu,d,1
ota,stop,1
pt,o,1
pt,r,1
aczy,ć,1
yt,n,1
yt,o,1
gn,ą,1
gn,ó,1
skromn,i,1
ws,z,1
atny,stop,1
aż,a,1
aż,stop,1
gi,a,1
mow,a,1
abo,n,1
abo,t,1
nowa,n,1
nowa,ż,1
cać,stop,1
czarow,ni,1
czarow,a,1
aro,g,1
aks,o,1
aks,stop,1
żdż,ó,1
żdż,o,1
bas,a,1
tele,f,1
onow,a,1
onowa,n,1
szko,w,1
szkod,n,1
szkod,z,1
klę,c,1
klę,k,1
kara,w,1
wię,k,1
oni,z,1
najsz,e,1
najsz,c,1
ers,z,1
ers,k,1
ers,stop,1
ody,stop,1
zyk m,o,1
zyk m,i,1
chi,ń,1
chi,p,1
hi,ński,1
hi,r,1
wybuch,a,1
wybuch,n,1
wyb,u,1
wyb,i,1
uc,i,1
uc,z,1
boja,ć,1
trz,y,1
trz,n,1
oj,a,1
najc,h,1
najc,i,1
szu,b,1
awać,stop,1
stawa,ć,1
mni,e,1
omn,i,1
dom,n,1
dom,y,1
uch,a,1
uch,n,1
uch,stop,1
zu,ł,1
zu,m,1
ema,t,1
ema,k,1
wiat,o,1
kwi,a,1
towy,stop,1
fak,t,1
fak,s,1
rka,stop,1
ce,c,1
ce,b,1
ech,a,1
ech,stop,1
ech,o,1
najpo,d,1
najpo,p,1
ep,s,1
ep,l,1
lep,s,1
lep,t,1
ym,i,1
mit,stop,1
mit,o,1
grani,za,1
grani,c,1
ić się,stop,1
pić, ,1
lić, ,1
roni,o,1
roni,m,1
oron,i,1
ima,ć,1
ima,t,1
paro,n,1
krz,e,1
krz,y,1
ks,i,1
ks,stop,1
ks,e,1
mam,r,1
mro,t,1
ne,t,1
czu,r,1
brz,ę,1
brz,y,1
serw,o,1
serw,a,1
rw,o,1
rw,i,1
pom,ni,1
pom,o,1
arch,e,1
arc,h,1
odn,e,1
odn,i,1
podw,o,1
podw,ó,1
odw,o,1
odw,ó,1
odw,a,1
łus,t,1
dż,d,1
garb,a,1
garb,stop,1
aku,l,1
rna,k,1
kcja,stop,1
edzi,stop,1
mru,c,1
ył,ą,1
kocio,k,1
kocio,ł,1
io,k,1
io,ł,1
wik,stop,1
najpły,n,1
najpły,t,1
gan,i,1
gan,k,1
gan,c,1
oga,n,1
oga,d,1
in,ow,1
in,g,1
rety,c,1
ety,c,1
usta,k,1
usta,w,1
inow,s,1
koła,k,1
lk,o,1
oła,k,1
skro,m,1
skro,ń,1
skr,o,1
skr,e,1
skr,y,1
uży,ć,1
uży,w,1
licz,k,1
atr,a,1
atr,w,1
ród,m,1
sm,r,1
sm,a,1
ód,m,1
mr,ó,1
iga,t,1
uż,y,1
uż,s,1
ży,w,1
astro,l,1
rolog,i,1
ast,r,1
ita,c,1
mier,d,1
mier,z,1
mier,n,1
rdz,i,1
śmie,r,1
czółe,c,1
eczka,stop,1
ecz,k,1
Słowa,k,1
Słowa,c,1
aś,ci,1
eszcz,y,1
eszcz,o,1
str,o,1
str,u,1
ono,ś,1
mądr,y,1
mądr,z,1
oń,sk,1
tacja,stop,1
szyk,a,1
wyrz,ą,1
wyrz,u,1
kos,t,1
kos,stop,1
kos,z,1
tro,p,1
śn,i,1
śn,y,1
eśni,o,1
sko,ś,1
szczel,n,1
now,y,1
now,a,1
rzeczy,t,1
rzeczy,w,1
trum,stop,1
stn,y,1
rzyst,n,1
taż,stop,1
ologiczn,y,1
iczni,e,1
analiz,a,1
ape,z,1
kla,r,1
kla,n,1
arn,e,1
ądzi,e,1
ped,a,1
miern,y,1
miern,i,1
ip,e,1
pl,o,1
pl,a,1
tkow,a,1
tkow,y,1
rut,niejszy,1
rut,a,1
onizować,stop,1
goni,z,1
anta,g,1
utro,n,1
utro,stop,1
języ,k,1
stat,e,1
pok,ł,1
pok,a,1
wzro,k,1
wzro,s,1
ona,r,1
ona,stop,1
ona,ł,1
fran,k,1
fran,s,1
ank,stop,1
ank,a,1
for,m,1
jo,w,1
jo,n,1
int,e,1
ałac,h,1
ałac,z,1
usk,u,1
sku,ł,1
pan,i,1
pan,y,1
pan,stop,1
lszy,stop,1
rozczarowa,ć,1
rozczarowa,n,1
arować,stop,1
des,owy,1
ukl,i,1
udn,a,1
udn,y,1
rczy,n,1
kom,p,1
kom,e,1
gromadz,e,1
gromadz,i,1
dzenie,stop,1
adz,e,1
adz,i,1
sł,u,1
zapom,i,1
ap,o,1
kład,stop,1
ęt,n,1
tn,y,1
zas,t,1
zas,p,1
asta,ć,1
asta,w,1
łos,stop,1
łos,k,1
zon,a,1
zon,t,1
pokaz,ać,1
pokaz,y,1
stra,c,1
stra,ż,1
stra,d,1
strac,j,1
ust,r,1
erni,s,1
erni,k,1
erni,a,1
ist,a,1
ist,r,1
echa,ć,1
mis,t,1
F,enic,1
F,en,1
enic,j,1
enic,z,1
jan,i,1
janin,stop,1
nic,j,1
nic,a,1
yka,stop,1
kle,p,1
bab,stop,1
bab,c,1
syjny,stop,1
iet,n,1
torium,stop,1
bula,t,1
plejszy,stop,1
kró,l,1
kró,w,1
ew,s,1
fosfor,a,1
fosfor,o,1
ałka,ń,1
di,o,1
di,a,1
lanow,y,1
erzy,s,1
kam,e,1
stęp,n,1
jog,a,1
jog,u,1
ryna,stop,1
Ma,r,1
M,ars,1
ars,j,1
uchn,ą,1
łka,stop,1
jas,k,1
tw,a,1
rowy,stop,1
iep,l,1
sprz,ą,1
sprz,ę,1
prawd,z,1
wój,n,1
śmiesz,k,1
kować,stop,1
najświe,ż,1
najświe,t,1
fizy,c,1
yczn,a,1
rować,stop,1
rować, ,1
szo,ł,1
sze,n,1
kary,k,1
iew,i,1
nio,w,1
nio,o,1
del,f,1
und,e,1
kun,d,1
rb,i,1
zyt,e,1
zyt,u,1
dniejszy,stop,1
najr,o,1
oran,stop,1
atek,stop,1
ura,t,1
eg,r,1
eg,e,1
edn,o,1
daw,n,1
osf,e,1
me,z,1
mię,stop,1
nu,k,1
ajeba,n,1
ajeba,ć,1
sty,c,1
ck,i,1
dn,i,1
świat,ł,1
świat,stop,1
mol,i,1
rog,a,1
ogan,c,1
ciekaw,y,1
ciekaw,s,1
mia,stop,1
mia,ć,1
mia,u,1
ęk,n,1
osk,i,1
nal,i,1
nal,e,1
wers,a,1
wers,stop,1
borówka, ,1
rów,k,1
cyjny,stop,1
uty,n,1
lut,y,1
nast,ni,1
nast,ę,1
una,st,1
gro,m,1
gro,t,1
koszyk,a,1
koszyk,stop,1
ito,z,1
ito,stop,1
syn,o,1
syn,stop,1
rowanie,stop,1
ser,w,1
ser,wa,1
ser,o,1
zycze,k,1
ada,stop,1
ada,l,1
iada,stop,1
lim,p,1
dow,y,1
dow,c,1
yb,o,1
najs,y,1
śny,stop,1
oś,n,1
pamięt,a,1
pamięt,n,1
kor,y,1
zk,a,1
kap,stop,1
kap,r,1
kap,e,1
mat,stop,1
zwó,j,1
zwó,d,1
edy,k,1
edy,n,1
sło,d,1
sło,ń,1
dk,i,1
akso,ń,1
żniejszy,stop,1
rządz,e,1
hu,m,1
dukt,stop,1
rans,k,1
row,a,1
row,i,1
ero,w,1
erowa,n,1
erowa,ć,1
najci,e,1
uz,e,1
zec,z,1
bl,u,1
bl,a,1
sis,t,1
waż,n,1
ote,s,1
zyw,a,1
kaz,y,1
ana,r,1
moty,w,1
omo,t,1
gar,m,1
strz,stop,1
oke,j,1
firma, ,1
ól,n,1
nota,stop,1
otek,a,1
rud,y,1
rud,n,1
gor,c,1
ejs,m,1
ntym,e,1
wód,stop,1
wód,z,1
wz,w,1
szpa,ń,1
bro,w,1
bro,i,1
obie,k,1
iek,t,1
eka,r,1
aczka,stop,1
pracowni,k,1
len,d,1
zapomni,a,1
omni,any,1
mnia,n,1
mn,i,1
hor,z,1
równ,o,1
równ,a,1
ażnik,stop,1
ważn,i,1
ogni,o,1
stad,e,1
